comparison,Category,Subcategory,Enrichment,Q_value,Observed,miRNAs/precursors
EDAD_cont_10y,GO Biological process (miRPathDB),reproduction,enriched,4.81183406e-05,26,hsa-miR-451a; hsa-miR-148a-3p; hsa-miR-27a-3p; hsa-miR-221-3p; hsa-miR-335-5p; hsa-miR-34a-5p; hsa-miR-9-3p; hsa-miR-222-3p; hsa-miR-378a-3p; hsa-miR-9-5p; hsa-miR-135a-5p; hsa-miR-196b-5p; hsa-miR-204-5p; hsa-miR-126-3p; hsa-miR-125b-5p; hsa-miR-29a-3p; hsa-miR-22-3p; hsa-miR-143-3p; hsa-miR-155-5p; hsa-miR-21-5p; hsa-miR-101-3p; hsa-miR-182-5p; hsa-miR-138-5p; hsa-miR-29b-3p; hsa-miR-152-3p; hsa-miR-181a-5p
EDAD_cont_10y,GO Biological process (miRPathDB),reproductive process,enriched,4.81183406e-05,26,hsa-miR-451a; hsa-miR-148a-3p; hsa-miR-27a-3p; hsa-miR-221-3p; hsa-miR-335-5p; hsa-miR-34a-5p; hsa-miR-9-3p; hsa-miR-222-3p; hsa-miR-378a-3p; hsa-miR-9-5p; hsa-miR-135a-5p; hsa-miR-196b-5p; hsa-miR-204-5p; hsa-miR-126-3p; hsa-miR-125b-5p; hsa-miR-29a-3p; hsa-miR-22-3p; hsa-miR-143-3p; hsa-miR-155-5p; hsa-miR-21-5p; hsa-miR-101-3p; hsa-miR-182-5p; hsa-miR-138-5p; hsa-miR-29b-3p; hsa-miR-152-3p; hsa-miR-181a-5p
EDAD_cont_10y,GO Biological process (miRPathDB),neuron development,enriched,0.000123936235,17,hsa-miR-451a; hsa-miR-30a-5p; hsa-miR-34a-5p; hsa-miR-9-3p; hsa-miR-222-3p; hsa-miR-223-3p; hsa-miR-378a-3p; hsa-miR-9-5p; hsa-miR-135a-5p; hsa-miR-126-3p; hsa-miR-29a-3p; hsa-miR-22-3p; hsa-miR-376c-3p; hsa-miR-125a-5p; hsa-miR-21-5p; hsa-miR-101-3p; hsa-miR-218-5p
EDAD_cont_10y,GO Biological process (miRPathDB),regulation of cellular component movement,enriched,0.000123936235,48,hsa-miR-451a; hsa-miR-148a-3p; hsa-miR-27a-3p; hsa-miR-221-3p; hsa-miR-335-5p; hsa-miR-34a-5p; hsa-miR-9-3p; hsa-miR-222-3p; hsa-miR-223-3p; hsa-miR-497-5p; hsa-miR-9-5p; hsa-miR-135a-5p; hsa-miR-196b-5p; hsa-miR-204-5p; hsa-miR-126-3p; hsa-miR-29a-3p; hsa-miR-22-3p; hsa-miR-143-3p; hsa-miR-30a-3p; hsa-miR-195-5p; hsa-miR-155-5p; hsa-miR-376c-3p; hsa-miR-125a-5p; hsa-miR-29c-3p; hsa-miR-21-5p; hsa-miR-23a-3p; hsa-miR-124-3p; hsa-miR-26a-5p; hsa-miR-101-3p; hsa-miR-145-5p; hsa-miR-139-5p; hsa-miR-128-3p; hsa-miR-132-3p; hsa-miR-182-5p; hsa-miR-138-5p; hsa-miR-495-3p; hsa-miR-323a-3p; hsa-miR-29b-3p; hsa-miR-152-3p; hsa-miR-185-5p; hsa-miR-146a-5p; hsa-miR-125b-1-3p; hsa-miR-218-5p; hsa-miR-574-3p; hsa-miR-181a-5p; hsa-miR-199a-3p; hsa-miR-130a-3p; hsa-miR-31-5p
EDAD_cont_10y,GO Biological process (miRPathDB),response to hormone,enriched,0.000123936235,48,hsa-miR-451a; hsa-miR-148a-3p; hsa-miR-27a-3p; hsa-miR-221-3p; hsa-miR-30a-5p; hsa-miR-144-5p; hsa-miR-34a-5p; hsa-miR-9-3p; hsa-miR-222-3p; hsa-miR-223-3p; hsa-miR-9-5p; hsa-miR-135a-5p; hsa-miR-196b-5p; hsa-miR-204-5p; hsa-miR-126-3p; hsa-miR-125b-5p; hsa-miR-29a-3p; hsa-miR-22-3p; hsa-miR-143-3p; hsa-miR-30a-3p; hsa-miR-155-5p; hsa-miR-376c-3p; hsa-miR-125a-5p; hsa-miR-29c-3p; hsa-miR-320c; hsa-miR-21-5p; hsa-miR-23a-3p; hsa-miR-369-5p; hsa-miR-124-3p; hsa-miR-26a-5p; hsa-miR-101-3p; hsa-miR-145-5p; hsa-miR-139-5p; hsa-miR-128-3p; hsa-miR-182-5p; hsa-miR-138-5p; hsa-miR-29b-3p; hsa-miR-152-3p; hsa-miR-146a-5p; hsa-miR-218-5p; hsa-let-7b-5p; hsa-let-7c-5p; hsa-let-7a-5p; hsa-miR-574-3p; hsa-miR-181a-5p; hsa-miR-27b-3p; hsa-miR-181b-5p; hsa-miR-92a-3p
EDAD_cont_10y,GO Biological process (miRPathDB),response to steroid hormone,enriched,0.000484500488333333,35,hsa-miR-451a; hsa-miR-148a-3p; hsa-miR-27a-3p; hsa-miR-221-3p; hsa-miR-30a-5p; hsa-miR-34a-5p; hsa-miR-9-3p; hsa-miR-223-3p; hsa-miR-9-5p; hsa-miR-135a-5p; hsa-miR-126-3p; hsa-miR-126-5p; hsa-miR-125b-5p; hsa-miR-181c-5p; hsa-miR-29a-3p; hsa-miR-22-3p; hsa-miR-143-3p; hsa-miR-30a-3p; hsa-miR-155-5p; hsa-miR-125a-5p; hsa-miR-320c; hsa-miR-21-5p; hsa-miR-124-3p; hsa-miR-26a-5p; hsa-miR-101-3p; hsa-miR-145-5p; hsa-miR-182-5p; hsa-miR-138-5p; hsa-miR-30c-5p; hsa-miR-29b-3p; hsa-miR-146a-5p; hsa-miR-574-3p; hsa-miR-181a-5p; hsa-miR-27b-3p; hsa-miR-181b-5p
EDAD_cont_10y,GO Biological process (miRPathDB),response to inorganic substance,enriched,0.0005786099344,30,hsa-miR-451a; hsa-miR-221-3p; hsa-miR-30a-5p; hsa-miR-34a-5p; hsa-miR-9-3p; hsa-miR-222-3p; hsa-miR-223-3p; hsa-miR-9-5p; hsa-miR-196b-5p; hsa-miR-126-3p; hsa-miR-125b-5p; hsa-miR-29a-3p; hsa-miR-143-3p; hsa-miR-155-5p; hsa-miR-376c-3p; hsa-miR-29c-3p; hsa-miR-21-5p; hsa-miR-369-5p; hsa-miR-26a-5p; hsa-miR-101-3p; hsa-miR-145-5p; hsa-miR-132-3p; hsa-miR-182-5p; hsa-miR-138-5p; hsa-miR-29b-3p; hsa-miR-26b-5p; hsa-miR-152-3p; hsa-miR-146a-5p; hsa-miR-199a-3p; hsa-miR-23b-3p
EDAD_cont_10y,GO Biological process (miRPathDB),cell migration,enriched,0.000683836572222222,38,hsa-miR-451a; hsa-miR-27a-3p; hsa-miR-30a-5p; hsa-miR-335-5p; hsa-miR-34a-5p; hsa-miR-223-3p; hsa-miR-9-5p; hsa-miR-135a-5p; hsa-miR-204-5p; hsa-miR-708-5p; hsa-miR-126-3p; hsa-miR-29a-3p; hsa-miR-22-3p; hsa-miR-143-3p; hsa-miR-155-5p; hsa-miR-376c-3p; hsa-miR-125a-5p; hsa-miR-29c-3p; hsa-miR-21-5p; hsa-miR-23a-3p; hsa-miR-124-3p; hsa-miR-26a-5p; hsa-miR-101-3p; hsa-miR-145-5p; hsa-miR-139-5p; hsa-miR-128-3p; hsa-miR-182-5p; hsa-miR-138-5p; hsa-miR-495-3p; hsa-miR-29b-3p; hsa-miR-26b-5p; hsa-miR-185-5p; hsa-miR-146a-5p; hsa-miR-125b-1-3p; hsa-miR-218-5p; hsa-miR-181a-5p; hsa-miR-199a-3p; hsa-miR-31-5p
EDAD_cont_10y,GO Biological process (miRPathDB),cell projection organization,enriched,0.000683836572222222,21,hsa-miR-451a; hsa-miR-148a-3p; hsa-miR-30a-5p; hsa-miR-34a-5p; hsa-miR-222-3p; hsa-miR-223-3p; hsa-miR-378a-3p; hsa-miR-9-5p; hsa-miR-135a-5p; hsa-miR-126-3p; hsa-miR-29a-3p; hsa-miR-22-3p; hsa-miR-155-5p; hsa-miR-376c-3p; hsa-miR-21-5p; hsa-miR-124-3p; hsa-miR-101-3p; hsa-miR-145-5p; hsa-miR-182-5p; hsa-miR-218-5p; hsa-miR-148b-3p
EDAD_cont_10y,GO Biological process (miRPathDB),developmental growth,enriched,0.000683836572222222,41,hsa-miR-148a-3p; hsa-miR-27a-3p; hsa-miR-221-3p; hsa-miR-34a-5p; hsa-miR-222-3p; hsa-miR-223-3p; hsa-miR-378a-3p; hsa-miR-9-5p; hsa-miR-196b-5p; hsa-miR-204-5p; hsa-miR-708-5p; hsa-miR-126-3p; hsa-miR-125b-5p; hsa-miR-29a-3p; hsa-miR-22-3p; hsa-miR-195-5p; hsa-miR-15a-5p; hsa-miR-376c-3p; hsa-miR-125a-5p; hsa-miR-320c; hsa-miR-21-5p; hsa-miR-23a-3p; hsa-miR-124-3p; hsa-miR-26a-5p; hsa-miR-101-3p; hsa-miR-145-5p; hsa-miR-128-3p; hsa-miR-132-3p; hsa-miR-182-5p; hsa-miR-323a-3p; hsa-miR-29b-3p; hsa-miR-183-5p; hsa-miR-152-3p; hsa-miR-185-5p; hsa-miR-146a-5p; hsa-miR-125b-1-3p; hsa-miR-25-3p; hsa-miR-574-3p; hsa-miR-181a-5p; hsa-miR-199a-3p; hsa-miR-148b-3p
EDAD_cont_10y,GO Biological process (miRPathDB),developmental process involved in reproduction,enriched,0.000683836572222222,36,hsa-miR-451a; hsa-miR-148a-3p; hsa-miR-27a-3p; hsa-miR-221-3p; hsa-miR-30a-5p; hsa-miR-335-5p; hsa-miR-34a-5p; hsa-miR-222-3p; hsa-miR-378a-3p; hsa-miR-135a-5p; hsa-miR-196b-5p; hsa-miR-204-5p; hsa-miR-126-3p; hsa-miR-125b-5p; hsa-miR-181c-5p; hsa-miR-29a-3p; hsa-miR-22-3p; hsa-miR-143-3p; hsa-miR-155-5p; hsa-miR-125a-5p; hsa-miR-29c-3p; hsa-miR-21-5p; hsa-miR-23a-3p; hsa-miR-101-3p; hsa-miR-145-5p; hsa-miR-128-3p; hsa-miR-182-5p; hsa-miR-138-5p; hsa-miR-29b-3p; hsa-miR-365a-3p; hsa-miR-30b-5p; hsa-miR-218-5p; hsa-miR-574-3p; hsa-miR-181a-5p; hsa-miR-199a-3p; hsa-miR-181b-5p
EDAD_cont_10y,GO Biological process (miRPathDB),neuron differentiation,enriched,0.000683836572222222,25,hsa-miR-451a; hsa-miR-148a-3p; hsa-miR-30a-5p; hsa-miR-34a-5p; hsa-miR-9-3p; hsa-miR-223-3p; hsa-miR-378a-3p; hsa-miR-9-5p; hsa-miR-135a-5p; hsa-miR-126-3p; hsa-miR-125b-5p; hsa-miR-29a-3p; hsa-miR-22-3p; hsa-miR-376c-3p; hsa-miR-125a-5p; hsa-miR-29c-3p; hsa-miR-320c; hsa-miR-21-5p; hsa-miR-124-3p; hsa-miR-101-3p; hsa-miR-145-5p; hsa-miR-30c-5p; hsa-miR-29b-3p; hsa-miR-218-5p; hsa-miR-148b-3p
EDAD_cont_10y,KEGG (miRPathDB),T cell receptor signaling pathway,enriched,0.000539226783333333,26,hsa-miR-451a; hsa-miR-27a-3p; hsa-miR-34a-5p; hsa-miR-9-3p; hsa-miR-424-5p; hsa-miR-497-5p; hsa-miR-196b-5p; hsa-miR-204-5p; hsa-miR-708-5p; hsa-miR-126-3p; hsa-miR-125b-5p; hsa-miR-29a-3p; hsa-miR-143-3p; hsa-miR-195-5p; hsa-miR-155-5p; hsa-miR-15a-5p; hsa-miR-125a-5p; hsa-miR-409-3p; hsa-miR-7-5p; hsa-miR-101-3p; hsa-miR-145-5p; hsa-miR-139-5p; hsa-miR-29b-3p; hsa-miR-146b-5p; hsa-miR-146a-5p; hsa-miR-15b-5p
EDAD_cont_10y,KEGG (miRPathDB),TNF signaling pathway,enriched,0.000683836572222222,29,hsa-miR-451a; hsa-miR-221-3p; hsa-miR-34a-5p; hsa-miR-9-3p; hsa-miR-223-3p; hsa-miR-196b-5p; hsa-miR-204-5p; hsa-miR-708-5p; hsa-miR-126-3p; hsa-miR-125b-5p; hsa-miR-29a-3p; hsa-miR-143-3p; hsa-miR-155-5p; hsa-miR-15a-5p; hsa-miR-125a-5p; hsa-miR-29c-3p; hsa-miR-21-5p; hsa-miR-7-5p; hsa-miR-664a-3p; hsa-miR-124-3p; hsa-miR-101-3p; hsa-miR-139-5p; hsa-miR-128-3p; hsa-miR-138-5p; hsa-miR-29b-3p; hsa-miR-146a-5p; hsa-miR-98-5p; hsa-miR-887-3p; hsa-miR-199a-3p
EDAD_cont_10y,KEGG (miRPathDB),Shigellosis,enriched,0.0012469,17,hsa-miR-451a; hsa-miR-148a-3p; hsa-miR-144-5p; hsa-miR-34a-5p; hsa-miR-9-3p; hsa-miR-223-3p; hsa-miR-135a-5p; hsa-miR-126-3p; hsa-miR-29a-3p; hsa-miR-320b; hsa-miR-195-5p; hsa-miR-15a-5p; hsa-miR-125a-5p; hsa-miR-124-3p; hsa-miR-138-5p; hsa-miR-146a-5p; hsa-let-7b-5p
EDAD_cont_10y,KEGG (miRPathDB),Leukocyte transendothelial migration,enriched,0.0027571,17,hsa-miR-451a; hsa-miR-221-3p; hsa-miR-144-5p; hsa-miR-9-3p; hsa-miR-486-5p; hsa-miR-204-5p; hsa-miR-126-3p; hsa-miR-29a-3p; hsa-miR-143-3p; hsa-miR-155-5p; hsa-miR-23a-3p; hsa-miR-124-3p; hsa-miR-101-3p; hsa-miR-145-5p; hsa-miR-139-5p; hsa-miR-29b-3p; hsa-miR-146a-5p
EDAD_cont_10y,KEGG (miRPathDB),mTOR signaling pathway,enriched,0.0027629,30,hsa-miR-451a; hsa-miR-27a-3p; hsa-miR-34a-5p; hsa-miR-9-3p; hsa-miR-424-5p; hsa-miR-378a-3p; hsa-miR-497-5p; hsa-miR-196b-5p; hsa-miR-126-3p; hsa-miR-125b-5p; hsa-miR-29a-3p; hsa-miR-22-3p; hsa-miR-143-3p; hsa-miR-195-5p; hsa-miR-155-5p; hsa-miR-125a-5p; hsa-miR-29c-3p; hsa-miR-21-5p; hsa-miR-7-5p; hsa-miR-101-3p; hsa-miR-145-5p; hsa-miR-128-3p; hsa-miR-138-5p; hsa-miR-29b-3p; hsa-miR-152-3p; hsa-miR-744-5p; hsa-miR-107; hsa-miR-199a-3p; hsa-miR-15b-5p; hsa-miR-17-5p
EDAD_cont_10y,KEGG (miRPathDB),Toxoplasmosis,enriched,0.0031434,29,hsa-miR-451a; hsa-miR-148a-3p; hsa-miR-30a-5p; hsa-miR-34a-5p; hsa-miR-9-3p; hsa-miR-223-3p; hsa-miR-497-5p; hsa-miR-196b-5p; hsa-miR-708-5p; hsa-miR-126-3p; hsa-miR-125b-5p; hsa-miR-29a-3p; hsa-miR-143-3p; hsa-miR-155-5p; hsa-miR-15a-5p; hsa-miR-125a-5p; hsa-miR-29c-3p; hsa-miR-21-5p; hsa-miR-7-5p; hsa-miR-124-3p; hsa-miR-132-3p; hsa-miR-138-5p; hsa-miR-29b-3p; hsa-miR-146b-5p; hsa-miR-146a-5p; hsa-miR-30d-5p; hsa-miR-181a-5p; hsa-miR-15b-5p; hsa-miR-17-5p
EDAD_cont_10y,KEGG (miRPathDB),Estrogen signaling pathway,enriched,0.0035912,29,hsa-miR-451a; hsa-miR-9-3p; hsa-miR-378a-3p; hsa-miR-196b-5p; hsa-miR-204-5p; hsa-miR-708-5p; hsa-miR-126-3p; hsa-miR-125b-5p; hsa-miR-29a-3p; hsa-miR-22-3p; hsa-miR-143-3p; hsa-miR-15a-5p; hsa-miR-125a-5p; hsa-miR-29c-3p; hsa-miR-21-5p; hsa-miR-7-5p; hsa-miR-124-3p; hsa-miR-101-3p; hsa-miR-145-5p; hsa-miR-139-5p; hsa-miR-128-3p; hsa-miR-132-3p; hsa-miR-29b-3p; hsa-miR-152-3p; hsa-miR-365a-3p; hsa-miR-181a-5p; hsa-miR-219b-5p; hsa-miR-148b-3p; hsa-miR-23b-3p
EDAD_cont_10y,KEGG (miRPathDB),Prolactin signaling pathway,enriched,0.0039497,38,hsa-miR-451a; hsa-miR-27a-3p; hsa-miR-221-3p; hsa-miR-34a-5p; hsa-miR-9-3p; hsa-miR-223-3p; hsa-miR-424-5p; hsa-miR-378a-3p; hsa-miR-497-5p; hsa-miR-196b-5p; hsa-miR-708-5p; hsa-miR-126-3p; hsa-miR-125b-5p; hsa-miR-29a-3p; hsa-miR-143-3p; hsa-miR-195-5p; hsa-miR-155-5p; hsa-miR-125a-5p; hsa-miR-21-5p; hsa-miR-23a-3p; hsa-miR-7-5p; hsa-miR-124-3p; hsa-miR-26a-5p; hsa-miR-101-3p; hsa-miR-145-5p; hsa-miR-139-5p; hsa-miR-138-5p; hsa-miR-30c-5p; hsa-miR-29b-3p; hsa-miR-152-3p; hsa-miR-146a-5p; hsa-miR-365a-3p; hsa-let-7a-5p; hsa-miR-181a-5p; hsa-miR-340-5p; hsa-miR-23b-3p; hsa-miR-15b-5p; hsa-miR-19b-3p
EDAD_cont_10y,KEGG (miRPathDB),Adipocytokine signaling pathway,enriched,0.0041014,10,hsa-miR-451a; hsa-miR-34a-5p; hsa-miR-223-3p; hsa-miR-196b-5p; hsa-miR-708-5p; hsa-miR-126-3p; hsa-miR-125b-5p; hsa-miR-125a-5p; hsa-miR-23a-3p; hsa-miR-29b-3p
EDAD_cont_10y,KEGG (miRPathDB),Fc gamma R-mediated phagocytosis,enriched,0.0042529,17,hsa-miR-451a; hsa-miR-34a-5p; hsa-miR-9-3p; hsa-miR-424-5p; hsa-miR-497-5p; hsa-miR-708-5p; hsa-miR-126-3p; hsa-miR-125b-5p; hsa-miR-29a-3p; hsa-miR-143-3p; hsa-miR-195-5p; hsa-miR-125a-5p; hsa-miR-7-5p; hsa-miR-132-3p; hsa-miR-29b-3p; hsa-miR-98-5p; hsa-miR-15b-5p
EDAD_cont_10y,KEGG (miRPathDB),Tuberculosis,enriched,0.0043454,19,hsa-miR-451a; hsa-miR-221-3p; hsa-miR-34a-5p; hsa-miR-9-3p; hsa-miR-135a-5p; hsa-miR-196b-5p; hsa-miR-204-5p; hsa-miR-126-3p; hsa-miR-125b-5p; hsa-miR-143-3p; hsa-miR-155-5p; hsa-miR-125a-5p; hsa-miR-21-5p; hsa-miR-7-5p; hsa-miR-29b-3p; hsa-miR-146b-5p; hsa-miR-185-5p; hsa-miR-146a-5p; hsa-miR-574-3p
EDAD_cont_10y,KEGG (miRPathDB),Progesterone-mediated oocyte maturation,enriched,0.0045773,22,hsa-miR-451a; hsa-miR-34a-5p; hsa-miR-9-3p; hsa-miR-223-3p; hsa-miR-378a-3p; hsa-miR-497-5p; hsa-miR-196b-5p; hsa-miR-126-3p; hsa-miR-125b-5p; hsa-miR-29a-3p; hsa-miR-22-3p; hsa-miR-143-3p; hsa-miR-125a-5p; hsa-miR-7-5p; hsa-miR-124-3p; hsa-miR-139-5p; hsa-miR-132-3p; hsa-miR-193b-3p; hsa-miR-29b-3p; hsa-miR-152-3p; hsa-miR-365a-3p; hsa-miR-23b-3p
EDAD_cont_10y,GO Molecular function (miRPathDB),protein phosphatase binding,enriched,0.000539226783333333,20,hsa-miR-451a; hsa-miR-148a-3p; hsa-miR-27a-3p; hsa-miR-221-3p; hsa-miR-30a-5p; hsa-miR-34a-5p; hsa-miR-223-3p; hsa-miR-135a-5p; hsa-miR-196b-5p; hsa-miR-126-3p; hsa-miR-125b-5p; hsa-miR-22-3p; hsa-miR-155-5p; hsa-miR-15a-5p; hsa-miR-125a-5p; hsa-miR-21-5p; hsa-miR-138-5p; hsa-miR-218-5p; hsa-miR-130b-3p; hsa-miR-17-5p
EDAD_cont_10y,GO Molecular function (miRPathDB),identical protein binding,enriched,0.0025148,29,hsa-miR-451a; hsa-miR-148a-3p; hsa-miR-221-3p; hsa-miR-30a-5p; hsa-miR-34a-5p; hsa-miR-223-3p; hsa-miR-378a-3p; hsa-miR-135a-5p; hsa-miR-126-3p; hsa-miR-125b-5p; hsa-miR-29a-3p; hsa-miR-143-3p; hsa-miR-155-5p; hsa-miR-125a-5p; hsa-miR-21-5p; hsa-miR-23a-3p; hsa-miR-210-3p; hsa-miR-100-5p; hsa-miR-491-5p; hsa-miR-193b-3p; hsa-miR-30c-5p; hsa-miR-29b-3p; hsa-miR-149-5p; hsa-miR-186-5p; hsa-miR-146a-5p; hsa-miR-484; hsa-miR-218-5p; hsa-miR-1180-3p; hsa-miR-99b-5p
EDAD_cont_10y,GO Molecular function (miRPathDB),cysteine-type peptidase activity,enriched,0.0040077,11,hsa-miR-451a; hsa-miR-148a-3p; hsa-miR-34a-5p; hsa-miR-126-3p; hsa-miR-125b-5p; hsa-miR-29a-3p; hsa-miR-125a-5p; hsa-miR-21-5p; hsa-miR-23a-3p; hsa-miR-145-5p; hsa-miR-138-5p
EDAD_cont_10y,GO Molecular function (miRPathDB),signaling receptor binding,enriched,0.0045068,16,hsa-miR-451a; hsa-miR-221-3p; hsa-miR-335-5p; hsa-miR-34a-5p; hsa-miR-223-3p; hsa-miR-486-3p; hsa-miR-126-3p; hsa-miR-29a-3p; hsa-miR-125a-5p; hsa-miR-21-5p; hsa-miR-23a-3p; hsa-miR-26a-5p; hsa-miR-145-5p; hsa-miR-491-5p; hsa-miR-29b-3p; hsa-miR-146a-5p
EDAD_cont_10y,GO Molecular function (miRPathDB),DNA-binding transcription repressor activity RNA polymerase II-specific,enriched,0.0047896,17,hsa-miR-9-3p; hsa-miR-222-3p; hsa-miR-223-3p; hsa-miR-378a-3p; hsa-miR-9-5p; hsa-miR-135a-5p; hsa-miR-196b-5p; hsa-miR-204-5p; hsa-miR-29a-3p; hsa-miR-22-3p; hsa-miR-30a-3p; hsa-miR-125a-5p; hsa-miR-574-5p; hsa-miR-101-3p; hsa-miR-29b-3p; hsa-miR-218-5p; hsa-miR-19b-3p
EDAD_cont_10y,GO Molecular function (miRPathDB),phosphatase binding,enriched,0.0058549,27,hsa-miR-451a; hsa-miR-148a-3p; hsa-miR-27a-3p; hsa-miR-30a-5p; hsa-miR-34a-5p; hsa-miR-9-3p; hsa-miR-223-3p; hsa-miR-135a-5p; hsa-miR-196b-5p; hsa-miR-126-3p; hsa-miR-125b-5p; hsa-miR-22-3p; hsa-miR-143-3p; hsa-miR-155-5p; hsa-miR-15a-5p; hsa-miR-125a-5p; hsa-miR-21-5p; hsa-miR-145-5p; hsa-miR-138-5p; hsa-miR-491-5p; hsa-miR-323a-3p; hsa-miR-324-5p; hsa-miR-218-5p; hsa-miR-106b-3p; hsa-miR-15b-5p; hsa-miR-130b-3p; hsa-miR-17-5p
EDAD_cont_10y,GO Molecular function (miRPathDB),extracellular matrix binding,enriched,0.0063802,5,hsa-miR-30a-5p; hsa-miR-486-3p; hsa-miR-126-3p; hsa-miR-29a-3p; hsa-miR-22-3p
EDAD_cont_10y,GO Molecular function (miRPathDB),cysteine-type endopeptidase activity,enriched,0.0093257,14,hsa-miR-451a; hsa-miR-34a-5p; hsa-miR-126-3p; hsa-miR-125b-5p; hsa-miR-29a-3p; hsa-miR-22-3p; hsa-miR-143-3p; hsa-miR-125a-5p; hsa-miR-21-5p; hsa-miR-23a-3p; hsa-miR-145-5p; hsa-miR-138-5p; hsa-miR-323a-3p; hsa-miR-146a-5p
EDAD_cont_10y,GO Molecular function (miRPathDB),DNA-binding transcription factor activity,enriched,0.0105458,52,hsa-miR-451a; hsa-miR-27a-3p; hsa-miR-221-3p; hsa-miR-9-3p; hsa-miR-223-3p; hsa-miR-335-3p; hsa-miR-424-5p; hsa-miR-378a-3p; hsa-miR-497-5p; hsa-miR-9-5p; hsa-miR-135a-5p; hsa-miR-196b-5p; hsa-miR-204-5p; hsa-miR-708-5p; hsa-miR-126-3p; hsa-miR-126-5p; hsa-miR-125b-5p; hsa-miR-374a-5p; hsa-miR-181c-5p; hsa-miR-22-3p; hsa-miR-195-5p; hsa-miR-155-5p; hsa-miR-15a-5p; hsa-miR-125a-5p; hsa-miR-21-5p; hsa-miR-23a-3p; hsa-miR-574-5p; hsa-miR-26a-5p; hsa-miR-101-3p; hsa-miR-145-5p; hsa-miR-182-5p; hsa-miR-138-5p; hsa-miR-30c-5p; hsa-miR-495-3p; hsa-miR-29b-3p; hsa-miR-185-5p; hsa-miR-106b-5p; hsa-miR-181d-5p; hsa-miR-181a-5p; hsa-miR-106b-3p; hsa-miR-27b-3p; hsa-miR-10b-5p; hsa-miR-130a-3p; hsa-miR-93-5p; hsa-miR-181b-5p; hsa-miR-23b-3p; hsa-miR-15b-5p; hsa-miR-19b-3p; hsa-miR-130b-3p; hsa-miR-20a-5p; hsa-miR-31-5p; hsa-miR-17-5p
EDAD_cont_10y,GO Molecular function (miRPathDB),enhancer binding,enriched,0.0117264,9,hsa-miR-27a-3p; hsa-miR-223-3p; hsa-miR-9-5p; hsa-miR-15a-5p; hsa-miR-125a-5p; hsa-miR-23a-3p; hsa-miR-145-5p; hsa-miR-139-5p; hsa-miR-138-5p
EDAD_cont_10y,GO Molecular function (miRPathDB),cysteine-type endopeptidase activity involved in apoptotic process,enriched,0.0117679,17,hsa-miR-451a; hsa-miR-221-3p; hsa-miR-34a-5p; hsa-miR-126-3p; hsa-miR-125b-5p; hsa-miR-29a-3p; hsa-miR-22-3p; hsa-miR-143-3p; hsa-miR-376c-3p; hsa-miR-125a-5p; hsa-miR-21-5p; hsa-miR-23a-3p; hsa-miR-145-5p; hsa-miR-138-5p; hsa-miR-323a-3p; hsa-miR-146a-5p; hsa-let-7c-5p
EDAD_cont_10y,GO Molecular function (miRPathDB),protein phosphatase 2A binding,enriched,0.0126729,12,hsa-miR-451a; hsa-miR-223-3p; hsa-miR-135a-5p; hsa-miR-196b-5p; hsa-miR-708-5p; hsa-miR-126-3p; hsa-miR-125b-5p; hsa-miR-155-5p; hsa-miR-125a-5p; hsa-miR-185-5p; hsa-miR-324-5p; hsa-miR-106b-3p
EDAD_cont_10y,Reactome (miRPathDB),Activation of BH3-only proteins,enriched,0.000539226783333333,30,hsa-miR-451a; hsa-miR-148a-3p; hsa-miR-221-3p; hsa-miR-34a-5p; hsa-miR-9-3p; hsa-miR-222-3p; hsa-miR-223-3p; hsa-miR-497-5p; hsa-miR-135a-5p; hsa-miR-708-5p; hsa-miR-126-3p; hsa-miR-125b-5p; hsa-miR-29a-3p; hsa-miR-143-3p; hsa-miR-30a-3p; hsa-miR-195-5p; hsa-miR-15a-5p; hsa-miR-125a-5p; hsa-miR-29c-3p; hsa-miR-21-5p; hsa-miR-409-3p; hsa-miR-138-5p; hsa-miR-193b-3p; hsa-miR-29b-3p; hsa-miR-193a-5p; hsa-miR-24-3p; hsa-miR-423-3p; hsa-miR-30e-3p; hsa-miR-660-5p; hsa-miR-330-3p
EDAD_cont_10y,Reactome (miRPathDB),Activation of BAD and translocation to mitochondria,enriched,0.0016522,20,hsa-miR-451a; hsa-miR-221-3p; hsa-miR-34a-5p; hsa-miR-378a-3p; hsa-miR-497-5p; hsa-miR-708-5p; hsa-miR-126-3p; hsa-miR-29a-3p; hsa-miR-22-3p; hsa-miR-143-3p; hsa-miR-30a-3p; hsa-miR-195-5p; hsa-miR-15a-5p; hsa-miR-29c-3p; hsa-miR-409-3p; hsa-miR-29b-3p; hsa-miR-365a-3p; hsa-miR-30e-3p; hsa-let-7e-5p; hsa-miR-15b-5p
EDAD_cont_10y,Reactome (miRPathDB),Regulation of localization of FOXO transcription factors,enriched,0.002749,13,hsa-miR-221-3p; hsa-miR-222-3p; hsa-miR-223-3p; hsa-miR-378a-3p; hsa-miR-708-5p; hsa-miR-126-3p; hsa-miR-29a-3p; hsa-miR-22-3p; hsa-miR-143-3p; hsa-miR-30a-3p; hsa-miR-744-5p; hsa-miR-423-3p; hsa-miR-31-5p
EDAD_cont_10y,Reactome (miRPathDB),Estrogen-dependent nuclear events downstream of ESR-membrane signaling,enriched,0.0036132,30,hsa-miR-451a; hsa-miR-221-3p; hsa-miR-34a-5p; hsa-miR-9-3p; hsa-miR-222-3p; hsa-miR-9-5p; hsa-miR-135a-5p; hsa-miR-196b-5p; hsa-miR-708-5p; hsa-miR-126-3p; hsa-miR-29a-3p; hsa-miR-143-3p; hsa-miR-30a-3p; hsa-miR-155-5p; hsa-miR-376c-3p; hsa-miR-125a-5p; hsa-miR-29c-3p; hsa-miR-21-5p; hsa-miR-139-5p; hsa-miR-182-5p; hsa-miR-138-5p; hsa-miR-323a-3p; hsa-miR-29b-3p; hsa-miR-146b-5p; hsa-miR-152-3p; hsa-miR-146a-5p; hsa-miR-365a-3p; hsa-miR-30e-3p; hsa-miR-194-5p; hsa-miR-181a-5p
EDAD_cont_10y,Reactome (miRPathDB),Extra-nuclear estrogen signaling,enriched,0.0036132,34,hsa-miR-451a; hsa-miR-148a-3p; hsa-miR-221-3p; hsa-miR-30a-5p; hsa-miR-34a-5p; hsa-miR-9-3p; hsa-miR-222-3p; hsa-miR-378a-3p; hsa-miR-9-5p; hsa-miR-135a-5p; hsa-miR-196b-5p; hsa-miR-708-5p; hsa-miR-126-3p; hsa-miR-29a-3p; hsa-miR-143-3p; hsa-miR-155-5p; hsa-miR-376c-3p; hsa-miR-125a-5p; hsa-miR-29c-3p; hsa-miR-21-5p; hsa-miR-145-5p; hsa-miR-139-5p; hsa-miR-132-3p; hsa-miR-182-5p; hsa-miR-138-5p; hsa-miR-29b-3p; hsa-miR-152-3p; hsa-miR-365a-3p; hsa-let-7a-5p; hsa-miR-574-3p; hsa-miR-194-5p; hsa-miR-181a-5p; hsa-miR-584-5p; hsa-miR-17-5p
EDAD_cont_10y,Reactome (miRPathDB),Hemostasis,enriched,0.0045068,19,hsa-miR-451a; hsa-miR-671-5p; hsa-miR-34a-5p; hsa-miR-9-3p; hsa-miR-135a-5p; hsa-miR-126-3p; hsa-miR-29a-3p; hsa-miR-143-3p; hsa-miR-30a-3p; hsa-miR-195-5p; hsa-miR-155-5p; hsa-miR-15a-5p; hsa-miR-125a-5p; hsa-miR-29b-3p; hsa-miR-365a-3p; hsa-miR-218-5p; hsa-miR-16-5p; hsa-miR-23b-3p; hsa-miR-15b-5p
EDAD_cont_10y,Reactome (miRPathDB),AKT phosphorylates targets in the cytosol,enriched,0.0100884,17,hsa-miR-221-3p; hsa-miR-222-3p; hsa-miR-223-3p; hsa-miR-708-5p; hsa-miR-126-3p; hsa-miR-29a-3p; hsa-miR-22-3p; hsa-miR-143-3p; hsa-miR-195-5p; hsa-miR-15a-5p; hsa-miR-29c-3p; hsa-miR-145-5p; hsa-miR-29b-3p; hsa-miR-152-3p; hsa-miR-185-5p; hsa-miR-744-5p; hsa-miR-365a-3p
EDAD_cont_10y,Reactome (miRPathDB),Costimulation by the CD28 family,enriched,0.0101103,8,hsa-miR-424-5p; hsa-miR-497-5p; hsa-miR-708-5p; hsa-miR-126-3p; hsa-miR-143-3p; hsa-miR-195-5p; hsa-miR-125a-5p; hsa-miR-365a-3p
EDAD_cont_10y,Reactome (miRPathDB),Interleukin-4 and Interleukin-13 signaling,enriched,0.0127728,52,hsa-miR-451a; hsa-miR-148a-3p; hsa-miR-221-3p; hsa-miR-335-5p; hsa-miR-34a-5p; hsa-miR-222-3p; hsa-miR-223-3p; hsa-miR-378a-3p; hsa-miR-497-5p; hsa-miR-9-5p; hsa-miR-135a-5p; hsa-miR-708-5p; hsa-miR-134-5p; hsa-miR-126-3p; hsa-miR-126-5p; hsa-miR-125b-5p; hsa-miR-29a-3p; hsa-miR-22-3p; hsa-miR-143-3p; hsa-miR-195-5p; hsa-miR-155-5p; hsa-miR-15a-5p; hsa-miR-125a-5p; hsa-miR-29c-3p; hsa-miR-21-5p; hsa-miR-23a-3p; hsa-miR-26a-5p; hsa-miR-101-3p; hsa-miR-145-5p; hsa-miR-139-5p; hsa-miR-138-5p; hsa-miR-30c-5p; hsa-miR-495-3p; hsa-miR-323a-3p; hsa-miR-29b-3p; hsa-miR-152-3p; hsa-miR-186-5p; hsa-miR-146a-5p; hsa-miR-365a-3p; hsa-miR-125b-1-3p; hsa-miR-98-5p; hsa-let-7g-5p; hsa-miR-16-5p; hsa-let-7c-5p; hsa-miR-95-3p; hsa-miR-574-3p; hsa-miR-181a-5p; hsa-miR-107; hsa-miR-199a-3p; hsa-miR-93-5p; hsa-miR-15b-5p; hsa-miR-17-5p
EDAD_cont_10y,Reactome (miRPathDB),Transcriptional regulation by the AP-2 TFAP2 family of transcription factors,enriched,0.0146275,24,hsa-miR-221-3p; hsa-miR-378a-3p; hsa-miR-135a-5p; hsa-miR-134-5p; hsa-miR-125b-5p; hsa-miR-29a-3p; hsa-miR-22-3p; hsa-miR-30a-3p; hsa-miR-125a-5p; hsa-miR-29c-3p; hsa-miR-374b-5p; hsa-miR-100-5p; hsa-miR-145-5p; hsa-miR-182-5p; hsa-miR-138-5p; hsa-miR-193b-3p; hsa-miR-30c-5p; hsa-miR-29b-3p; hsa-miR-146b-5p; hsa-miR-186-5p; hsa-miR-193a-5p; hsa-miR-331-3p; hsa-miR-30e-3p; hsa-miR-574-3p
EDAD_cont_10y,Reactome (miRPathDB),Platelet Aggregation Plug Formation,enriched,0.016091,6,hsa-miR-378a-3p; hsa-miR-135a-5p; hsa-miR-126-3p; hsa-miR-29a-3p; hsa-miR-376c-3p; hsa-miR-100-5p
EDAD_cont_10y,Reactome (miRPathDB),Signaling by Receptor Tyrosine Kinases,enriched,0.016091,38,hsa-miR-451a; hsa-miR-221-3p; hsa-miR-30a-5p; hsa-miR-144-5p; hsa-miR-34a-5p; hsa-miR-9-3p; hsa-miR-223-3p; hsa-miR-378a-3p; hsa-miR-135a-5p; hsa-miR-126-3p; hsa-miR-125b-5p; hsa-miR-29a-3p; hsa-miR-143-3p; hsa-miR-195-5p; hsa-miR-155-5p; hsa-miR-15a-5p; hsa-miR-376c-3p; hsa-miR-125a-5p; hsa-miR-29c-3p; hsa-miR-21-5p; hsa-miR-124-3p; hsa-miR-101-3p; hsa-miR-145-5p; hsa-miR-139-5p; hsa-miR-132-3p; hsa-miR-29b-3p; hsa-miR-152-3p; hsa-miR-185-5p; hsa-miR-146a-5p; hsa-miR-744-5p; hsa-miR-365a-3p; hsa-miR-218-5p; hsa-miR-16-5p; hsa-miR-194-5p; hsa-miR-181a-5p; hsa-miR-199a-3p; hsa-miR-15b-5p; hsa-miR-31-5p
EDAD_cont_10y,Reactome (miRPathDB),Circadian Clock,depleted,0.0207426,17,hsa-miR-223-3p; hsa-miR-22-3p; hsa-miR-182-5p; hsa-miR-138-5p; hsa-miR-30c-5p; hsa-miR-106b-5p; hsa-miR-574-3p; hsa-let-7e-5p; hsa-miR-20b-5p; hsa-miR-130a-3p; hsa-miR-93-5p; hsa-miR-181b-5p; hsa-miR-15b-5p; hsa-miR-130b-3p; hsa-miR-92a-3p; hsa-miR-20a-5p; hsa-miR-17-5p
EDAD_cont_10y,Reactome (miRPathDB),Regulation of PTEN localization,depleted,0.0371461,9,hsa-miR-378a-3p; hsa-miR-26a-5p; hsa-miR-454-3p; hsa-miR-20b-5p; hsa-miR-130a-3p; hsa-miR-181b-5p; hsa-miR-130b-3p; hsa-miR-20a-5p; hsa-miR-17-5p
EDAD_cont_10y,Reactome (miRPathDB),Signaling by TGF-beta Receptor Complex in Cancer,depleted,0.0522566,16,hsa-miR-27a-3p; hsa-miR-181c-5p; hsa-miR-125a-5p; hsa-miR-145-5p; hsa-miR-323a-3p; hsa-miR-146a-5p; hsa-miR-454-3p; hsa-miR-574-3p; hsa-miR-181a-5p; hsa-miR-27b-3p; hsa-miR-130a-3p; hsa-miR-93-5p; hsa-miR-15b-5p; hsa-miR-130b-3p; hsa-miR-20a-5p; hsa-miR-17-5p
EDAD_cont_10y,Reactome (miRPathDB),Competing endogenous RNAs ceRNAs regulate PTEN translation,depleted,0.0581646,29,hsa-miR-148a-3p; hsa-miR-497-5p; hsa-miR-126-5p; hsa-miR-195-5p; hsa-miR-320c; hsa-miR-99a-5p; hsa-miR-26a-5p; hsa-miR-30c-5p; hsa-miR-152-3p; hsa-miR-185-5p; hsa-miR-484; hsa-miR-106b-5p; hsa-miR-30d-5p; hsa-let-7b-5p; hsa-miR-454-3p; hsa-miR-652-3p; hsa-miR-107; hsa-miR-20b-5p; hsa-miR-103a-3p; hsa-miR-421; hsa-miR-330-3p; hsa-miR-130a-3p; hsa-miR-93-5p; hsa-miR-148b-3p; hsa-miR-19b-3p; hsa-miR-130b-3p; hsa-miR-20a-5p; hsa-miR-31-5p; hsa-miR-17-5p
EDAD_cont_10y,Reactome (miRPathDB),Loss of Function of SMAD23 in Cancer,depleted,0.0595384,14,hsa-miR-27a-3p; hsa-miR-125a-5p; hsa-miR-145-5p; hsa-miR-323a-3p; hsa-miR-146a-5p; hsa-miR-454-3p; hsa-miR-574-3p; hsa-miR-27b-3p; hsa-miR-130a-3p; hsa-miR-93-5p; hsa-miR-15b-5p; hsa-miR-130b-3p; hsa-miR-20a-5p; hsa-miR-17-5p
EDAD_cont_10y,Reactome (miRPathDB),Negative regulators of DDX58IFIH1 signaling,depleted,0.0682006,8,hsa-miR-193a-5p; hsa-miR-106b-5p; hsa-miR-454-3p; hsa-miR-20b-5p; hsa-miR-130a-3p; hsa-miR-130b-3p; hsa-miR-20a-5p; hsa-miR-17-5p
EDAD_cont_10y,Reactome (miRPathDB),Regulation of PTEN mRNA translation,depleted,0.0737685,30,hsa-miR-148a-3p; hsa-miR-222-3p; hsa-miR-126-5p; hsa-miR-195-5p; hsa-miR-320c; hsa-miR-99a-5p; hsa-miR-21-5p; hsa-miR-26a-5p; hsa-miR-30c-5p; hsa-miR-152-3p; hsa-miR-185-5p; hsa-miR-484; hsa-miR-106b-5p; hsa-miR-30d-5p; hsa-let-7b-5p; hsa-miR-454-3p; hsa-miR-652-3p; hsa-miR-107; hsa-miR-20b-5p; hsa-miR-103a-3p; hsa-miR-421; hsa-miR-130a-3p; hsa-miR-93-5p; hsa-miR-148b-3p; hsa-miR-23b-3p; hsa-miR-19b-3p; hsa-miR-130b-3p; hsa-miR-20a-5p; hsa-miR-31-5p; hsa-miR-17-5p
EDAD_cont_10y,Reactome (miRPathDB),Post-transcriptional silencing by small RNAs,depleted,0.0767182,33,hsa-miR-671-5p; hsa-miR-148a-3p; hsa-miR-424-5p; hsa-miR-497-5p; hsa-miR-126-5p; hsa-miR-195-5p; hsa-miR-15a-5p; hsa-miR-320c; hsa-miR-99a-5p; hsa-miR-21-5p; hsa-miR-26a-5p; hsa-miR-152-3p; hsa-miR-185-5p; hsa-miR-484; hsa-miR-106b-5p; hsa-miR-30d-5p; hsa-let-7b-5p; hsa-miR-454-3p; hsa-miR-652-3p; hsa-let-7a-5p; hsa-miR-107; hsa-miR-20b-5p; hsa-miR-103a-3p; hsa-miR-330-3p; hsa-miR-130a-3p; hsa-miR-93-5p; hsa-miR-148b-3p; hsa-miR-15b-5p; hsa-miR-19b-3p; hsa-miR-130b-3p; hsa-miR-20a-5p; hsa-miR-31-5p; hsa-miR-17-5p
EDAD_cont_10y,Reactome (miRPathDB),Regulation of MECP2 expression and activity,depleted,0.0767182,25,hsa-miR-671-5p; hsa-miR-148a-3p; hsa-miR-195-5p; hsa-miR-99a-5p; hsa-miR-182-5p; hsa-miR-30c-5p; hsa-miR-152-3p; hsa-miR-185-5p; hsa-miR-484; hsa-miR-106b-5p; hsa-let-7b-5p; hsa-miR-16-5p; hsa-miR-652-3p; hsa-let-7a-5p; hsa-miR-107; hsa-miR-20b-5p; hsa-miR-103a-3p; hsa-miR-421; hsa-miR-130a-3p; hsa-miR-148b-3p; hsa-miR-19b-3p; hsa-miR-130b-3p; hsa-miR-92a-3p; hsa-miR-20a-5p; hsa-miR-17-5p
EDAD_cont_10y,Reactome (miRPathDB),Synthesis of active ubiquitin roles of E1 and E2 enzymes,depleted,0.0767182,5,hsa-miR-1180-3p; hsa-miR-16-5p; hsa-miR-454-3p; hsa-miR-660-5p; hsa-miR-130a-3p
EDAD_cont_10y,Reactome (miRPathDB),Antigen processing Ubiquitination  Proteasome degradation,depleted,0.0847843,9,hsa-miR-100-5p; hsa-miR-30c-5p; hsa-miR-16-5p; hsa-miR-454-3p; hsa-miR-130a-3p; hsa-miR-93-5p; hsa-miR-15b-5p; hsa-miR-130b-3p; hsa-miR-92a-3p
EDAD_cont_10y,Reactome (miRPathDB),TGF-beta receptor signaling in EMT epithelial to mesenchymal transition,depleted,0.0847843,9,hsa-miR-221-3p; hsa-miR-185-5p; hsa-miR-146a-5p; hsa-miR-454-3p; hsa-miR-130a-3p; hsa-miR-93-5p; hsa-miR-130b-3p; hsa-miR-20a-5p; hsa-miR-17-5p
EDAD_cont_10y,GO Biological process (miRPathDB),vesicle organization,depleted,0.0646553,16,hsa-miR-148a-3p; hsa-miR-30a-5p; hsa-miR-9-5p; hsa-miR-181c-5p; hsa-miR-152-3p; hsa-miR-106b-5p; hsa-miR-30b-5p; hsa-miR-181a-5p; hsa-miR-20b-5p; hsa-miR-103a-3p; hsa-miR-93-5p; hsa-miR-181b-5p; hsa-miR-15b-5p; hsa-miR-130b-3p; hsa-miR-20a-5p; hsa-miR-17-5p
EDAD_cont_10y,GO Biological process (miRPathDB),platelet dense granule organization,depleted,0.0711577,5,hsa-miR-106b-5p; hsa-miR-20b-5p; hsa-miR-93-5p; hsa-miR-20a-5p; hsa-miR-17-5p
EDAD_cont_10y,GO Biological process (miRPathDB),nuclear envelope organization,depleted,0.0729216,7,hsa-miR-23a-3p; hsa-miR-16-5p; hsa-miR-107; hsa-miR-103a-3p; hsa-miR-15b-5p; hsa-miR-92a-3p; hsa-miR-31-5p
EDAD_cont_10y,GO Biological process (miRPathDB),morphogenesis of a polarized epithelium,depleted,0.0874561,7,hsa-miR-324-5p; hsa-miR-744-5p; hsa-miR-331-3p; hsa-miR-574-3p; hsa-miR-10b-5p; hsa-miR-92a-3p; hsa-miR-31-5p
EDAD_cont_10y,GO Biological process (miRPathDB),regulation of transcription from RNA polymerase II promoter in response to stress,depleted,0.1058437,7,hsa-miR-185-5p; hsa-miR-324-5p; hsa-miR-331-3p; hsa-miR-16-5p; hsa-miR-191-5p; hsa-miR-574-3p; hsa-miR-92a-3p
EDAD_cont_10y,GO Biological process (miRPathDB),ribonucleoprotein complex assembly,depleted,0.1076021,18,hsa-miR-148a-3p; hsa-miR-222-3p; hsa-miR-193b-3p; hsa-miR-149-5p; hsa-miR-152-3p; hsa-miR-186-5p; hsa-miR-185-5p; hsa-miR-484; hsa-miR-744-5p; hsa-miR-425-5p; hsa-let-7b-5p; hsa-miR-16-5p; hsa-miR-652-3p; hsa-miR-107; hsa-miR-103a-3p; hsa-miR-421; hsa-miR-361-5p; hsa-miR-92a-3p
EDAD_cont_10y,GO Biological process (miRPathDB),intracellular transport of virus,depleted,0.1139145,10,hsa-miR-221-3p; hsa-miR-34a-5p; hsa-miR-125b-5p; hsa-miR-30a-3p; hsa-miR-652-3p; hsa-miR-130a-3p; hsa-miR-93-5p; hsa-miR-181b-5p; hsa-miR-15b-5p; hsa-miR-130b-3p
EDAD_cont_10y,GO Biological process (miRPathDB),cellular protein-containing complex localization,depleted,0.117856,7,hsa-miR-148a-3p; hsa-miR-152-3p; hsa-miR-454-3p; hsa-miR-130a-3p; hsa-miR-93-5p; hsa-miR-19b-3p; hsa-miR-130b-3p
EDAD_cont_10y,GO Biological process (miRPathDB),Golgi vesicle transport,depleted,0.1188524,16,hsa-miR-148a-3p; hsa-miR-30a-5p; hsa-miR-34a-5p; hsa-miR-195-5p; hsa-miR-15a-5p; hsa-miR-193b-3p; hsa-miR-152-3p; hsa-miR-16-5p; hsa-miR-107; hsa-miR-20b-5p; hsa-miR-103a-3p; hsa-miR-93-5p; hsa-miR-15b-5p; hsa-miR-130b-3p; hsa-miR-92a-3p; hsa-miR-20a-5p
EDAD_cont_10y,GO Biological process (miRPathDB),secretory granule organization,depleted,0.1382522,6,hsa-miR-26a-5p; hsa-miR-106b-5p; hsa-miR-20b-5p; hsa-miR-93-5p; hsa-miR-181b-5p; hsa-miR-17-5p
EDAD_cont_10y,GO Biological process (miRPathDB),miRNA mediated inhibition of translation,depleted,0.1522093,25,hsa-miR-148a-3p; hsa-miR-126-5p; hsa-miR-125b-5p; hsa-miR-195-5p; hsa-miR-320c; hsa-miR-99a-5p; hsa-miR-21-5p; hsa-miR-26a-5p; hsa-miR-182-5p; hsa-miR-323a-3p; hsa-miR-152-3p; hsa-miR-185-5p; hsa-miR-484; hsa-miR-454-3p; hsa-miR-652-3p; hsa-let-7a-5p; hsa-let-7e-5p; hsa-miR-107; hsa-miR-20b-5p; hsa-miR-103a-3p; hsa-miR-130a-3p; hsa-miR-148b-3p; hsa-miR-130b-3p; hsa-miR-20a-5p; hsa-miR-17-5p
EDAD_cont_10y,GO Biological process (miRPathDB),protein targeting to ER,depleted,0.1631466,21,hsa-miR-125b-5p; hsa-miR-22-3p; hsa-miR-99a-5p; hsa-miR-100-5p; hsa-miR-92b-3p; hsa-miR-186-5p; hsa-miR-484; hsa-miR-744-5p; hsa-miR-1260b; hsa-miR-331-3p; hsa-miR-1180-3p; hsa-miR-423-5p; hsa-miR-324-3p; hsa-miR-423-3p; hsa-miR-16-5p; hsa-miR-25-3p; hsa-miR-652-3p; hsa-let-7a-5p; hsa-miR-15b-5p; hsa-miR-92a-3p; hsa-miR-31-5p
EDAD_cont_10y,GO Molecular function (miRPathDB),structural constituent of ribosome,depleted,0.1019653,11,hsa-miR-100-5p; hsa-miR-186-5p; hsa-miR-744-5p; hsa-miR-1260b; hsa-miR-1180-3p; hsa-miR-324-3p; hsa-miR-423-3p; hsa-miR-16-5p; hsa-miR-652-3p; hsa-miR-92a-3p; hsa-miR-31-5p
EDAD_cont_10y,GO Molecular function (miRPathDB),basal RNA polymerase II transcription machinery binding,depleted,0.1166602,5,hsa-miR-149-5p; hsa-let-7a-5p; hsa-miR-219a-2-3p; hsa-miR-19b-3p; hsa-miR-130b-3p
EDAD_cont_10y,GO Molecular function (miRPathDB),RNA polymerase binding,depleted,0.1850931,8,hsa-miR-126-5p; hsa-miR-195-5p; hsa-miR-484; hsa-let-7a-5p; hsa-miR-103a-3p; hsa-miR-219a-2-3p; hsa-miR-15b-5p; hsa-miR-19b-3p
EDAD_cont_10y,GO Molecular function (miRPathDB),translation repressor activity mRNA regulatory element binding,depleted,0.2666348,5,hsa-miR-27a-3p; hsa-miR-138-5p; hsa-miR-107; hsa-miR-103a-3p; hsa-miR-15b-5p
EDAD_cont_10y,GO Molecular function (miRPathDB),RNA polymerase II complex binding,depleted,0.296034,7,hsa-miR-126-5p; hsa-miR-138-5p; hsa-miR-149-5p; hsa-let-7a-5p; hsa-miR-103a-3p; hsa-miR-219a-2-3p; hsa-miR-19b-3p
EDAD_cont_10y,GO Molecular function (miRPathDB),endoribonuclease activity cleaving miRNA-paired mRNA,depleted,0.3073352,7,hsa-miR-148a-3p; hsa-miR-126-5p; hsa-miR-152-3p; hsa-miR-652-3p; hsa-miR-107; hsa-miR-103a-3p; hsa-miR-148b-3p
EDAD_cont_10y,GO Molecular function (miRPathDB),RNA helicase activity,depleted,0.3099072,6,hsa-miR-99a-5p; hsa-miR-744-5p; hsa-miR-505-3p; hsa-miR-331-3p; hsa-let-7b-5p; hsa-miR-92a-3p
EDAD_cont_10y,GO Molecular function (miRPathDB),GTPase binding,depleted,0.3166822,10,hsa-miR-196b-5p; hsa-miR-155-5p; hsa-miR-21-5p; hsa-miR-101-3p; hsa-miR-193b-3p; hsa-miR-30c-5p; hsa-miR-191-5p; hsa-miR-19b-3p; hsa-miR-92a-3p; hsa-miR-31-5p
EDAD_cont_10y,GO Molecular function (miRPathDB),RNA polymerase core enzyme binding,depleted,0.3369794,5,hsa-miR-126-5p; hsa-miR-149-5p; hsa-let-7a-5p; hsa-miR-219a-2-3p; hsa-miR-19b-3p
EDAD_cont_10y,GO Molecular function (miRPathDB),ATPase activity coupled,depleted,0.3517593,10,hsa-miR-99a-5p; hsa-miR-100-5p; hsa-miR-26a-5p; hsa-miR-193b-3p; hsa-miR-197-3p; hsa-miR-331-3p; hsa-miR-324-3p; hsa-let-7b-5p; hsa-miR-16-5p; hsa-miR-92a-3p
EDAD_cont_10y,GO Molecular function (miRPathDB),unfolded protein binding,depleted,0.3654627,5,hsa-miR-598-3p; hsa-miR-149-5p; hsa-miR-331-3p; hsa-miR-324-3p; hsa-miR-16-5p
EDAD_cont_10y,GO Molecular function (miRPathDB),nucleotidyltransferase activity,depleted,0.3961651,9,hsa-miR-223-3p; hsa-miR-135a-5p; hsa-miR-193b-3p; hsa-miR-324-5p; hsa-miR-331-3p; hsa-let-7b-5p; hsa-miR-93-5p; hsa-miR-20a-5p; hsa-miR-17-5p
EDAD_cont_10y,KEGG (miRPathDB),Ribosome,depleted,0.1418624,13,hsa-miR-22-3p; hsa-miR-100-5p; hsa-miR-186-5p; hsa-miR-484; hsa-miR-744-5p; hsa-miR-1260b; hsa-miR-331-3p; hsa-miR-1180-3p; hsa-miR-324-3p; hsa-miR-16-5p; hsa-miR-652-3p; hsa-let-7a-5p; hsa-miR-92a-3p
EDAD_cont_10y,KEGG (miRPathDB),Vasopressin-regulated water reabsorption,depleted,0.255906,5,hsa-miR-22-3p; hsa-miR-182-5p; hsa-miR-20b-5p; hsa-miR-93-5p; hsa-miR-23b-3p
EDAD_cont_10y,KEGG (miRPathDB),Long-term depression,depleted,0.2869072,5,hsa-miR-9-3p; hsa-miR-143-3p; hsa-miR-181a-5p; hsa-miR-199a-3p; hsa-miR-219b-5p
EDAD_cont_10y,KEGG (miRPathDB),RNA transport,depleted,0.3478425,15,hsa-miR-30a-5p; hsa-miR-125b-5p; hsa-miR-30a-3p; hsa-miR-155-5p; hsa-miR-149-5p; hsa-miR-186-5p; hsa-miR-324-5p; hsa-miR-744-5p; hsa-miR-218-5p; hsa-miR-1180-3p; hsa-let-7b-5p; hsa-miR-423-3p; hsa-miR-16-5p; hsa-miR-660-5p; hsa-miR-92a-3p
EDAD_cont_10y,KEGG (miRPathDB),Metabolic pathways,depleted,0.4003859,5,hsa-miR-369-5p; hsa-miR-484; hsa-let-7b-5p; hsa-miR-219b-3p; hsa-miR-10b-5p
EDAD_cont_10y,KEGG (miRPathDB),Biosynthesis of amino acids,depleted,0.4154433,7,hsa-miR-125a-5p; hsa-miR-193b-3p; hsa-miR-484; hsa-miR-324-5p; hsa-miR-1260b; hsa-miR-423-5p; hsa-miR-92a-3p
KI67_20,GO Molecular function (miRPathDB),p53 binding,depleted,0.0506215,7,hsa-miR-155-5p; hsa-miR-21-5p; hsa-miR-26a-5p; hsa-miR-125b-5p; hsa-miR-222-3p; hsa-miR-185-5p; hsa-miR-151a-3p
KI67_20,GO Molecular function (miRPathDB),RNA polymerase II-specific DNA-binding transcription factor binding,depleted,0.3828231,20,hsa-miR-15b-5p; hsa-miR-149-5p; hsa-miR-145-5p; hsa-miR-324-5p; hsa-miR-23b-3p; hsa-miR-34a-5p; hsa-miR-15a-5p; hsa-miR-27a-3p; hsa-miR-106b-3p; hsa-miR-182-5p; hsa-miR-423-5p; hsa-miR-155-5p; hsa-miR-374a-5p; hsa-miR-21-5p; hsa-miR-22-3p; hsa-miR-125b-5p; hsa-miR-222-3p; hsa-miR-146a-5p; hsa-miR-221-3p; hsa-miR-100-5p
KI67_20,GO Molecular function (miRPathDB),DNA polymerase binding,depleted,0.4382636,5,hsa-miR-139-5p; hsa-miR-374c-3p; hsa-miR-21-5p; hsa-miR-193b-3p; hsa-miR-505-3p
KI67_20,GO Molecular function (miRPathDB),damaged DNA binding,depleted,0.4382636,5,hsa-miR-324-3p; hsa-miR-374c-3p; hsa-miR-24-3p; hsa-miR-193b-3p; hsa-miR-100-5p
KI67_20,GO Molecular function (miRPathDB),heat shock protein binding,depleted,0.4382636,8,hsa-miR-34a-5p; hsa-miR-16-5p; hsa-miR-328-3p; hsa-miR-155-5p; hsa-miR-199a-3p; hsa-miR-193b-3p; hsa-miR-22-3p; hsa-miR-222-3p
KI67_20,GO Molecular function (miRPathDB),nitric-oxide synthase regulator activity,depleted,0.4382636,8,hsa-miR-196b-5p; hsa-miR-29b-3p; hsa-miR-143-3p; hsa-miR-193b-3p; hsa-miR-22-3p; hsa-miR-185-5p; hsa-miR-378a-3p; hsa-miR-100-5p
KI67_20,GO Molecular function (miRPathDB),protein serinethreonine kinase inhibitor activity,depleted,0.4382636,5,hsa-miR-148a-3p; hsa-miR-181a-5p; hsa-miR-155-5p; hsa-miR-152-3p; hsa-miR-222-3p
KI67_20,GO Molecular function (miRPathDB),transcription factor binding,depleted,0.4382636,52,hsa-miR-17-5p; hsa-miR-92a-3p; hsa-miR-218-5p; hsa-miR-15b-5p; hsa-miR-149-5p; hsa-miR-195-5p; hsa-miR-107; hsa-miR-139-5p; hsa-miR-145-5p; hsa-miR-324-5p; hsa-miR-23b-3p; hsa-miR-30c-5p; hsa-miR-34a-5p; hsa-miR-9-5p; hsa-miR-196b-5p; hsa-miR-16-5p; hsa-miR-497-5p; hsa-miR-138-5p; hsa-miR-29b-3p; hsa-miR-135a-5p; hsa-miR-126-3p; hsa-miR-101-3p; hsa-miR-23a-3p; hsa-miR-29c-3p; hsa-miR-125a-5p; hsa-miR-15a-5p; hsa-miR-27b-3p; hsa-let-7a-5p; hsa-miR-181b-5p; hsa-miR-424-5p; hsa-miR-99a-5p; hsa-miR-27a-3p; hsa-let-7b-5p; hsa-let-7c-5p; hsa-miR-29a-3p; hsa-miR-181a-5p; hsa-miR-374c-3p; hsa-miR-182-5p; hsa-miR-423-5p; hsa-miR-155-5p; hsa-miR-199a-3p; hsa-miR-374a-5p; hsa-miR-21-5p; hsa-miR-193b-3p; hsa-miR-22-3p; hsa-miR-26a-5p; hsa-miR-125b-5p; hsa-miR-222-3p; hsa-miR-221-3p; hsa-miR-378a-3p; hsa-miR-223-3p; hsa-miR-100-5p
KI67_20,GO Molecular function (miRPathDB),oxidoreductase activity,depleted,0.4410885,5,hsa-miR-26b-5p; hsa-miR-99a-5p; hsa-miR-106b-3p; hsa-miR-155-5p; hsa-miR-100-5p
KI67_20,GO Molecular function (miRPathDB),extracellular matrix binding,depleted,0.456555,5,hsa-miR-126-3p; hsa-miR-486-3p; hsa-miR-29a-3p; hsa-miR-30a-5p; hsa-miR-22-3p
KI67_20,GO Molecular function (miRPathDB),RNA-directed DNA polymerase activity,depleted,0.4669026,8,hsa-miR-148a-3p; hsa-miR-451a; hsa-miR-125b-1-3p; hsa-miR-138-5p; hsa-miR-135a-5p; hsa-miR-186-5p; hsa-miR-222-3p; hsa-miR-378a-3p
KI67_20,GO Molecular function (miRPathDB),RNA binding,depleted,0.4669026,66,hsa-miR-92a-3p; hsa-miR-196a-5p; hsa-miR-10b-5p; hsa-miR-218-5p; hsa-miR-15b-5p; hsa-miR-149-5p; hsa-miR-195-5p; hsa-miR-107; hsa-miR-361-5p; hsa-miR-324-5p; hsa-miR-23b-3p; hsa-miR-30c-5p; hsa-miR-744-5p; hsa-miR-331-3p; hsa-miR-34a-5p; hsa-miR-92b-3p; hsa-miR-874-3p; hsa-miR-103a-3p; hsa-miR-324-3p; hsa-miR-1301-3p; hsa-miR-148a-3p; hsa-miR-99b-3p; hsa-miR-1180-3p; hsa-miR-342-3p; hsa-miR-16-5p; hsa-miR-497-5p; hsa-miR-328-3p; hsa-miR-1260b; hsa-let-7e-5p; hsa-miR-101-3p; hsa-miR-25-3p; hsa-miR-423-3p; hsa-miR-23a-3p; hsa-miR-30a-3p; hsa-miR-425-5p; hsa-miR-197-3p; hsa-miR-15a-5p; hsa-miR-27b-3p; hsa-miR-652-3p; hsa-miR-484; hsa-let-7a-5p; hsa-miR-181b-5p; hsa-miR-183-5p; hsa-miR-424-5p; hsa-miR-338-5p; hsa-miR-99a-5p; hsa-miR-27a-3p; hsa-let-7b-5p; hsa-miR-186-5p; hsa-miR-106b-3p; hsa-miR-182-5p; hsa-miR-423-5p; hsa-miR-155-5p; hsa-miR-30a-5p; hsa-miR-193b-3p; hsa-miR-22-3p; hsa-miR-26a-5p; hsa-miR-125b-5p; hsa-miR-222-3p; hsa-miR-185-5p; hsa-miR-505-3p; hsa-miR-221-3p; hsa-miR-378a-3p; hsa-miR-151a-3p; hsa-miR-100-5p; hsa-miR-193a-5p
KI67_20,Reactome (miRPathDB),Constitutive Signaling by NOTCH1 HD Domain Mutants,enriched,0.2711153,6,hsa-miR-130b-3p; hsa-miR-130a-3p; hsa-miR-30b-5p; hsa-miR-23b-3p; hsa-miR-30c-5p; hsa-miR-454-3p
KI67_20,Reactome (miRPathDB),Signaling by NOTCH1 HD Domain Mutants in Cancer,enriched,0.2711153,6,hsa-miR-130b-3p; hsa-miR-130a-3p; hsa-miR-30b-5p; hsa-miR-23b-3p; hsa-miR-30c-5p; hsa-miR-454-3p
KI67_20,Reactome (miRPathDB),Vesicle-mediated transport,enriched,0.2711153,27,hsa-miR-17-5p; hsa-miR-20a-5p; hsa-miR-92a-3p; hsa-miR-130b-3p; hsa-miR-130a-3p; hsa-miR-124-3p; hsa-miR-15b-5p; hsa-miR-432-5p; hsa-miR-149-5p; hsa-miR-195-5p; hsa-miR-20b-5p; hsa-miR-30c-5p; hsa-miR-34a-5p; hsa-miR-103a-3p; hsa-miR-324-3p; hsa-miR-148a-3p; hsa-miR-99b-3p; hsa-miR-106b-5p; hsa-miR-16-5p; hsa-miR-451a; hsa-miR-93-5p; hsa-miR-15a-5p; hsa-miR-186-5p; hsa-miR-155-5p; hsa-miR-152-3p; hsa-miR-30a-5p; hsa-miR-193b-3p
KI67_20,Reactome (miRPathDB),Transport to the Golgi and subsequent modification,enriched,0.3243414,5,hsa-miR-15b-5p; hsa-miR-30b-5p; hsa-miR-195-5p; hsa-miR-376c-3p; hsa-miR-30c-5p
KI67_20,Reactome (miRPathDB),Membrane Trafficking,enriched,0.3353176,29,hsa-miR-17-5p; hsa-miR-20a-5p; hsa-miR-92a-3p; hsa-miR-130b-3p; hsa-miR-130a-3p; hsa-miR-124-3p; hsa-miR-15b-5p; hsa-miR-432-5p; hsa-miR-149-5p; hsa-miR-195-5p; hsa-miR-20b-5p; hsa-miR-30c-5p; hsa-miR-34a-5p; hsa-miR-103a-3p; hsa-miR-324-3p; hsa-miR-148a-3p; hsa-miR-99b-3p; hsa-miR-106b-5p; hsa-miR-16-5p; hsa-miR-451a; hsa-miR-93-5p; hsa-miR-15a-5p; hsa-miR-424-5p; hsa-miR-186-5p; hsa-miR-155-5p; hsa-miR-152-3p; hsa-miR-30a-5p; hsa-miR-193b-3p; hsa-miR-142-3p
KI67_20,Reactome (miRPathDB),Ca2+ pathway,enriched,0.3828231,18,hsa-miR-130b-3p; hsa-miR-130a-3p; hsa-miR-15b-5p; hsa-miR-487b-3p; hsa-miR-195-5p; hsa-miR-107; hsa-miR-145-5p; hsa-miR-324-5p; hsa-miR-34a-5p; hsa-miR-103a-3p; hsa-miR-148a-3p; hsa-miR-148b-3p; hsa-miR-16-5p; hsa-miR-497-5p; hsa-miR-15a-5p; hsa-miR-652-3p; hsa-miR-424-5p; hsa-miR-152-3p
KI67_20,Reactome (miRPathDB),Cellular response to hypoxia,enriched,0.3828231,9,hsa-miR-92a-3p; hsa-miR-130b-3p; hsa-miR-130a-3p; hsa-miR-324-5p; hsa-miR-574-3p; hsa-miR-331-3p; hsa-miR-454-3p; hsa-miR-186-5p; hsa-miR-100-5p
KI67_20,Reactome (miRPathDB),Clathrin-mediated endocytosis,enriched,0.3828231,14,hsa-miR-17-5p; hsa-miR-20a-5p; hsa-miR-92a-3p; hsa-miR-130a-3p; hsa-miR-124-3p; hsa-miR-376c-3p; hsa-miR-20b-5p; hsa-miR-574-3p; hsa-miR-454-3p; hsa-miR-34a-5p; hsa-miR-106b-5p; hsa-miR-93-5p; hsa-miR-155-5p; hsa-miR-22-3p
KI67_20,Reactome (miRPathDB),Competing endogenous RNAs ceRNAs regulate PTEN translation,enriched,0.3828231,27,hsa-miR-17-5p; hsa-miR-20a-5p; hsa-miR-19b-3p; hsa-miR-130b-3p; hsa-miR-130a-3p; hsa-miR-195-5p; hsa-miR-30d-5p; hsa-miR-107; hsa-miR-20b-5p; hsa-miR-30c-5p; hsa-miR-454-3p; hsa-miR-103a-3p; hsa-miR-126-5p; hsa-miR-148a-3p; hsa-miR-106b-5p; hsa-miR-148b-3p; hsa-miR-421; hsa-miR-497-5p; hsa-miR-93-5p; hsa-miR-320c; hsa-miR-652-3p; hsa-miR-484; hsa-miR-99a-5p; hsa-let-7b-5p; hsa-miR-152-3p; hsa-miR-26a-5p; hsa-miR-185-5p
KI67_20,Reactome (miRPathDB),Downregulation of TGF-beta receptor signaling,enriched,0.3828231,12,hsa-miR-17-5p; hsa-miR-20a-5p; hsa-miR-130b-3p; hsa-miR-130a-3p; hsa-miR-15b-5p; hsa-miR-195-5p; hsa-miR-376c-3p; hsa-miR-145-5p; hsa-miR-454-3p; hsa-miR-16-5p; hsa-miR-185-5p; hsa-miR-100-5p
KI67_20,Reactome (miRPathDB),Regulation of RUNX3 expression and activity,enriched,0.3828231,7,hsa-miR-92a-3p; hsa-miR-130b-3p; hsa-miR-130a-3p; hsa-miR-324-5p; hsa-miR-574-3p; hsa-miR-331-3p; hsa-miR-186-5p
KI67_20,Reactome (miRPathDB),SUMOylation of transcription cofactors,enriched,0.3828231,7,hsa-miR-92a-3p; hsa-miR-218-5p; hsa-miR-15b-5p; hsa-miR-149-5p; hsa-miR-376c-3p; hsa-miR-598-3p; hsa-miR-222-3p
KI67_20,GO Biological process (miRPathDB),macroautophagy,enriched,0.2711153,21,hsa-miR-17-5p; hsa-miR-19b-3p; hsa-miR-130b-3p; hsa-miR-130a-3p; hsa-miR-15b-5p; hsa-miR-128-3p; hsa-miR-30b-5p; hsa-miR-195-5p; hsa-miR-107; hsa-miR-331-3p; hsa-miR-34a-5p; hsa-miR-103a-3p; hsa-miR-196b-5p; hsa-miR-106b-5p; hsa-miR-16-5p; hsa-miR-451a; hsa-miR-497-5p; hsa-miR-15a-5p; hsa-miR-424-5p; hsa-miR-155-5p; hsa-miR-221-3p
KI67_20,GO Biological process (miRPathDB),morphogenesis of a polarized epithelium,enriched,0.2711153,6,hsa-miR-92a-3p; hsa-miR-10b-5p; hsa-miR-324-5p; hsa-miR-574-3p; hsa-miR-744-5p; hsa-miR-331-3p
KI67_20,GO Biological process (miRPathDB),Wnt signaling pathway planar cell polarity pathway,enriched,0.3828231,7,hsa-miR-92a-3p; hsa-miR-487b-3p; hsa-miR-324-5p; hsa-miR-574-3p; hsa-miR-744-5p; hsa-miR-331-3p; hsa-miR-221-3p
KI67_20,GO Biological process (miRPathDB),cytosolic transport,enriched,0.3828231,7,hsa-miR-17-5p; hsa-miR-20a-5p; hsa-miR-20b-5p; hsa-miR-9-5p; hsa-miR-106b-5p; hsa-miR-451a; hsa-miR-93-5p
KI67_20,GO Biological process (miRPathDB),establishment of planar polarity,enriched,0.3828231,7,hsa-miR-92a-3p; hsa-miR-487b-3p; hsa-miR-324-5p; hsa-miR-574-3p; hsa-miR-744-5p; hsa-miR-331-3p; hsa-miR-221-3p
KI67_20,GO Biological process (miRPathDB),protein depolymerization,enriched,0.3828231,5,hsa-miR-130b-3p; hsa-miR-130a-3p; hsa-miR-454-3p; hsa-miR-34a-5p; hsa-miR-210-3p
KI67_20,GO Biological process (miRPathDB),regulation of establishment of planar polarity,enriched,0.3828231,7,hsa-miR-92a-3p; hsa-miR-487b-3p; hsa-miR-324-5p; hsa-miR-574-3p; hsa-miR-744-5p; hsa-miR-331-3p; hsa-miR-221-3p
KI67_20,GO Biological process (miRPathDB),regulation of macroautophagy,enriched,0.3828231,13,hsa-miR-17-5p; hsa-miR-130b-3p; hsa-miR-130a-3p; hsa-miR-128-3p; hsa-miR-107; hsa-miR-454-3p; hsa-miR-34a-5p; hsa-miR-196b-5p; hsa-miR-106b-5p; hsa-miR-16-5p; hsa-miR-451a; hsa-miR-155-5p; hsa-miR-221-3p
KI67_20,GO Biological process (miRPathDB),innate immune response-activating signal transduction,enriched,0.4048889,12,hsa-miR-130b-3p; hsa-miR-130a-3p; hsa-miR-132-3p; hsa-miR-376c-3p; hsa-miR-145-5p; hsa-miR-324-5p; hsa-miR-23b-3p; hsa-miR-331-3p; hsa-miR-29b-3p; hsa-miR-21-5p; hsa-miR-146a-5p; hsa-miR-142-3p
KI67_20,GO Biological process (miRPathDB),lens fiber cell apoptotic process,enriched,0.4048889,9,hsa-miR-17-5p; hsa-miR-20a-5p; hsa-miR-495-3p; hsa-miR-20b-5p; hsa-miR-331-3p; hsa-miR-34a-5p; hsa-miR-106b-5p; hsa-miR-93-5p; hsa-miR-21-5p
KI67_20,GO Biological process (miRPathDB),protein dephosphorylation,enriched,0.4048889,14,hsa-miR-130b-3p; hsa-miR-130a-3p; hsa-miR-218-5p; hsa-miR-15b-5p; hsa-miR-195-5p; hsa-miR-744-5p; hsa-miR-103a-3p; hsa-miR-148a-3p; hsa-miR-16-5p; hsa-miR-451a; hsa-miR-497-5p; hsa-miR-135a-5p; hsa-miR-15a-5p; hsa-miR-181a-5p
KI67_20,GO Biological process (miRPathDB),trachea morphogenesis,enriched,0.4048889,10,hsa-miR-196a-5p; hsa-miR-19b-3p; hsa-miR-130b-3p; hsa-miR-130a-3p; hsa-miR-454-3p; hsa-miR-9-3p; hsa-miR-34a-5p; hsa-miR-196b-5p; hsa-miR-101-3p; hsa-miR-181a-5p
KI67_20,GO Biological process (miRPathDB),positive regulation of leukocyte adhesion to vascular endothelial cell,depleted,0.3243414,7,hsa-miR-320c; hsa-miR-155-5p; hsa-miR-21-5p; hsa-miR-222-3p; hsa-miR-146a-5p; hsa-miR-221-3p; hsa-miR-146b-5p
KI67_20,GO Biological process (miRPathDB),regulation of erythrocyte differentiation,depleted,0.3243414,14,hsa-miR-145-5p; hsa-miR-9-5p; hsa-miR-340-5p; hsa-miR-183-5p; hsa-miR-27a-3p; hsa-miR-29a-3p; hsa-miR-182-5p; hsa-miR-155-5p; hsa-miR-22-3p; hsa-miR-125b-5p; hsa-miR-146a-5p; hsa-miR-221-3p; hsa-miR-378a-3p; hsa-miR-223-3p
KI67_20,GO Biological process (miRPathDB),female meiotic nuclear division,depleted,0.3828231,5,hsa-miR-181b-5p; hsa-miR-183-5p; hsa-miR-99a-5p; hsa-miR-155-5p; hsa-miR-100-5p
KI67_20,GO Biological process (miRPathDB),mRNA transport,depleted,0.3828231,12,hsa-miR-1180-3p; hsa-miR-423-3p; hsa-miR-30a-3p; hsa-miR-27b-3p; hsa-miR-652-3p; hsa-let-7a-5p; hsa-miR-27a-3p; hsa-let-7b-5p; hsa-miR-186-5p; hsa-miR-193b-3p; hsa-miR-125b-5p; hsa-miR-222-3p
KI67_20,GO Biological process (miRPathDB),negative regulation of myeloid leukocyte differentiation,depleted,0.3828231,8,hsa-miR-29b-3p; hsa-miR-486-5p; hsa-miR-27a-3p; hsa-miR-29a-3p; hsa-miR-21-5p; hsa-miR-221-3p; hsa-miR-378a-3p; hsa-miR-223-3p
KI67_20,GO Biological process (miRPathDB),response to antibiotic,depleted,0.3828231,26,hsa-miR-124-3p; hsa-miR-23b-3p; hsa-miR-34a-5p; hsa-miR-9-5p; hsa-miR-138-5p; hsa-miR-29b-3p; hsa-miR-135a-5p; hsa-miR-143-3p; hsa-miR-126-3p; hsa-miR-101-3p; hsa-miR-425-5p; hsa-miR-29c-3p; hsa-miR-125a-5p; hsa-miR-27a-3p; hsa-let-7c-5p; hsa-miR-29a-3p; hsa-miR-182-5p; hsa-miR-155-5p; hsa-miR-152-3p; hsa-miR-30a-5p; hsa-miR-26a-5p; hsa-miR-125b-5p; hsa-miR-222-3p; hsa-miR-146a-5p; hsa-miR-221-3p; hsa-miR-223-3p
KI67_20,GO Biological process (miRPathDB),response to osmotic stress,depleted,0.3828231,8,hsa-miR-451a; hsa-miR-125b-1-3p; hsa-miR-30a-5p; hsa-miR-21-5p; hsa-miR-146a-5p; hsa-miR-378a-3p; hsa-miR-223-3p; hsa-miR-100-5p
KI67_20,GO Biological process (miRPathDB),response to water-immersion restraint stress,depleted,0.3828231,5,hsa-miR-29a-3p; hsa-miR-26a-5p; hsa-miR-222-3p; hsa-miR-221-3p; hsa-miR-223-3p
KI67_20,GO Biological process (miRPathDB),telomere maintenance,depleted,0.3828231,11,hsa-miR-34a-5p; hsa-miR-324-3p; hsa-miR-451a; hsa-miR-186-5p; hsa-miR-30a-5p; hsa-miR-193b-3p; hsa-miR-222-3p; hsa-miR-221-3p; hsa-miR-378a-3p; hsa-miR-223-3p; hsa-miR-100-5p
KI67_20,GO Biological process (miRPathDB),telomere organization,depleted,0.3828231,10,hsa-miR-34a-5p; hsa-miR-451a; hsa-miR-186-5p; hsa-miR-30a-5p; hsa-miR-193b-3p; hsa-miR-222-3p; hsa-miR-221-3p; hsa-miR-378a-3p; hsa-miR-223-3p; hsa-miR-100-5p
KI67_20,GO Biological process (miRPathDB),dendritic spine morphogenesis,depleted,0.4048889,5,hsa-miR-451a; hsa-miR-21-5p; hsa-miR-22-3p; hsa-miR-10a-5p; hsa-miR-223-3p
KI67_20,GO Biological process (miRPathDB),double-strand break repair via homologous recombination,depleted,0.4048889,5,hsa-miR-34a-5p; hsa-miR-193b-3p; hsa-miR-26a-5p; hsa-miR-221-3p; hsa-miR-223-3p
KI67_20,Reactome (miRPathDB),FOXO-mediated transcription of cell death genes,depleted,0.3828231,6,hsa-miR-9-5p; hsa-miR-182-5p; hsa-miR-21-5p; hsa-miR-222-3p; hsa-miR-221-3p; hsa-miR-223-3p
KI67_20,Reactome (miRPathDB),Interleukin-10 signaling,depleted,0.3828231,5,hsa-miR-98-5p; hsa-miR-24-3p; hsa-miR-21-5p; hsa-miR-146a-5p; hsa-miR-223-3p
KI67_20,Reactome (miRPathDB),KSRP KHSRP binds and destabilizes mRNA,depleted,0.3828231,7,hsa-miR-30a-3p; hsa-miR-27a-3p; hsa-miR-374c-3p; hsa-miR-24-3p; hsa-miR-22-3p; hsa-miR-125b-5p; hsa-miR-378a-3p
KI67_20,Reactome (miRPathDB),TFAP2 AP-2 family regulates transcription of growth factors and their receptors,depleted,0.3828231,11,hsa-miR-130b-3p; hsa-miR-134-5p; hsa-miR-145-5p; hsa-miR-125a-5p; hsa-miR-193b-3p; hsa-miR-22-3p; hsa-miR-222-3p; hsa-miR-221-3p; hsa-miR-378a-3p; hsa-miR-146b-5p; hsa-miR-193a-5p
KI67_20,Reactome (miRPathDB),ERBB2 Regulates Cell Motility,depleted,0.4024093,7,hsa-miR-145-5p; hsa-miR-125a-5p; hsa-miR-22-3p; hsa-miR-125b-5p; hsa-miR-185-5p; hsa-miR-146a-5p; hsa-miR-146b-5p
KI67_20,Reactome (miRPathDB),Transcription of E2F targets under negative control by p107 RBL1 and p130 RBL2 in complex with HDAC1,depleted,0.4048889,5,hsa-miR-138-5p; hsa-miR-24-3p; hsa-miR-193b-3p; hsa-miR-22-3p; hsa-miR-146a-5p
KI67_20,Reactome (miRPathDB),Activated NTRK3 signals through RAS,depleted,0.4382636,6,hsa-miR-365a-3p; hsa-miR-143-3p; hsa-miR-27b-3p; hsa-let-7a-5p; hsa-miR-27a-3p; hsa-miR-181a-5p
KI67_20,Reactome (miRPathDB),Activation of PUMA and translocation to mitochondria,depleted,0.4382636,9,hsa-miR-34a-5p; hsa-miR-29b-3p; hsa-miR-29c-3p; hsa-miR-29a-3p; hsa-miR-24-3p; hsa-miR-21-5p; hsa-miR-222-3p; hsa-miR-223-3p; hsa-miR-193a-5p
KI67_20,Reactome (miRPathDB),Apoptosis induced DNA fragmentation,depleted,0.4382636,6,hsa-miR-34a-5p; hsa-miR-652-3p; hsa-miR-181b-5p; hsa-miR-186-5p; hsa-miR-374c-3p; hsa-miR-193b-3p
KI67_20,Reactome (miRPathDB),CDC6 association with the ORCorigin complex,depleted,0.4382636,6,hsa-miR-145-5p; hsa-miR-99a-5p; hsa-miR-21-5p; hsa-miR-193b-3p; hsa-miR-26a-5p; hsa-miR-100-5p
KI67_20,Reactome (miRPathDB),ERBB2 Activates PTK6 Signaling,depleted,0.4382636,6,hsa-miR-145-5p; hsa-miR-125a-5p; hsa-miR-22-3p; hsa-miR-125b-5p; hsa-miR-146a-5p; hsa-miR-146b-5p
KI67_20,Reactome (miRPathDB),Erythropoietin activates RAS,depleted,0.4382636,10,hsa-miR-145-5p; hsa-miR-135a-5p; hsa-miR-365a-3p; hsa-miR-143-3p; hsa-miR-126-3p; hsa-miR-27b-3p; hsa-let-7a-5p; hsa-miR-98-5p; hsa-miR-27a-3p; hsa-miR-125b-5p
KI67_20,KEGG (miRPathDB),Legionellosis,depleted,0.4048889,7,hsa-miR-34a-5p; hsa-miR-26b-5p; hsa-miR-21-5p; hsa-miR-125b-5p; hsa-miR-146a-5p; hsa-miR-221-3p; hsa-miR-146b-5p
KI67_20,KEGG (miRPathDB),mRNA surveillance pathway,depleted,0.4048889,7,hsa-miR-218-5p; hsa-miR-708-5p; hsa-miR-30a-5p; hsa-miR-125b-5p; hsa-miR-185-5p; hsa-miR-221-3p; hsa-miR-378a-3p
KI67_20,KEGG (miRPathDB),Basal cell carcinoma,depleted,0.4382636,5,hsa-miR-148a-3p; hsa-miR-374b-5p; hsa-miR-152-3p; hsa-miR-125b-5p; hsa-miR-378a-3p
KI67_20,KEGG (miRPathDB),Cell cycle,depleted,0.4382636,56,hsa-miR-17-5p; hsa-miR-20a-5p; hsa-miR-92a-3p; hsa-miR-196a-5p; hsa-miR-95-3p; hsa-miR-15b-5p; hsa-miR-149-5p; hsa-miR-195-5p; hsa-miR-376c-3p; hsa-miR-145-5p; hsa-miR-30e-3p; hsa-miR-23b-3p; hsa-miR-574-3p; hsa-miR-34a-5p; hsa-miR-708-5p; hsa-miR-148a-3p; hsa-miR-106b-5p; hsa-miR-16-5p; hsa-miR-451a; hsa-miR-497-5p; hsa-miR-93-5p; hsa-miR-660-5p; hsa-miR-29b-3p; hsa-let-7f-5p; hsa-miR-30a-3p; hsa-miR-425-5p; hsa-miR-125a-5p; hsa-miR-340-5p; hsa-miR-144-5p; hsa-miR-15a-5p; hsa-let-7a-5p; hsa-miR-98-5p; hsa-miR-424-5p; hsa-miR-27a-3p; hsa-let-7b-5p; hsa-miR-29a-3p; hsa-let-7g-5p; hsa-miR-374c-3p; hsa-miR-182-5p; hsa-miR-423-5p; hsa-miR-155-5p; hsa-miR-152-3p; hsa-miR-30a-5p; hsa-miR-24-3p; hsa-miR-21-5p; hsa-miR-193b-3p; hsa-miR-22-3p; hsa-miR-26a-5p; hsa-miR-125b-5p; hsa-miR-222-3p; hsa-miR-185-5p; hsa-miR-146a-5p; hsa-miR-221-3p; hsa-miR-378a-3p; hsa-miR-223-3p; hsa-miR-100-5p
KI67_20,KEGG (miRPathDB),Arrhythmogenic right ventricular cardiomyopathy ARVC,depleted,0.4669026,6,hsa-miR-34a-5p; hsa-miR-29b-3p; hsa-let-7c-5p; hsa-miR-29a-3p; hsa-miR-155-5p; hsa-miR-30a-5p
KI67_20,KEGG (miRPathDB),Dopaminergic synapse,depleted,0.4669026,8,hsa-miR-196b-5p; hsa-miR-143-3p; hsa-miR-126-3p; hsa-miR-29c-3p; hsa-miR-125a-5p; hsa-miR-29a-3p; hsa-miR-219b-5p; hsa-miR-142-3p
KI67_20,KEGG (miRPathDB),Inflammatory bowel disease IBD,depleted,0.4669026,9,hsa-miR-145-5p; hsa-miR-148a-3p; hsa-miR-29b-3p; hsa-miR-143-3p; hsa-miR-155-5p; hsa-miR-21-5p; hsa-miR-146a-5p; hsa-miR-223-3p; hsa-miR-146b-5p
KI67_20,KEGG (miRPathDB),Jak-STAT signaling pathway,depleted,0.4669026,30,hsa-miR-124-3p; hsa-miR-15b-5p; hsa-miR-7-5p; hsa-miR-194-5p; hsa-miR-30c-5p; hsa-miR-34a-5p; hsa-miR-708-5p; hsa-miR-451a; hsa-miR-497-5p; hsa-let-7i-5p; hsa-miR-138-5p; hsa-miR-29b-3p; hsa-miR-135a-5p; hsa-miR-365a-3p; hsa-miR-126-3p; hsa-miR-101-3p; hsa-let-7f-5p; hsa-miR-125a-5p; hsa-miR-340-5p; hsa-miR-98-5p; hsa-miR-424-5p; hsa-let-7c-5p; hsa-miR-29a-3p; hsa-let-7g-5p; hsa-miR-151a-5p; hsa-miR-155-5p; hsa-miR-21-5p; hsa-miR-125b-5p; hsa-miR-146a-5p; hsa-miR-223-3p
KI67_20,KEGG (miRPathDB),Malaria,depleted,0.4669026,5,hsa-miR-29b-3p; hsa-miR-143-3p; hsa-miR-155-5p; hsa-miR-21-5p; hsa-miR-146a-5p
KI67_20,KEGG (miRPathDB),Melanoma,depleted,0.4669026,57,hsa-miR-17-5p; hsa-miR-20a-5p; hsa-miR-10b-5p; hsa-miR-132-3p; hsa-miR-95-3p; hsa-miR-15b-5p; hsa-miR-195-5p; hsa-miR-139-5p; hsa-miR-7-5p; hsa-miR-145-5p; hsa-miR-20b-5p; hsa-miR-23b-3p; hsa-miR-9-3p; hsa-miR-34a-5p; hsa-miR-708-5p; hsa-miR-196b-5p; hsa-miR-16-5p; hsa-miR-451a; hsa-miR-497-5p; hsa-miR-125b-1-3p; hsa-miR-138-5p; hsa-miR-29b-3p; hsa-miR-28-5p; hsa-miR-365a-3p; hsa-miR-143-3p; hsa-miR-126-3p; hsa-miR-101-3p; hsa-miR-25-3p; hsa-miR-425-5p; hsa-miR-29c-3p; hsa-miR-125a-5p; hsa-miR-340-5p; hsa-miR-28-3p; hsa-miR-15a-5p; hsa-let-7a-5p; hsa-miR-486-5p; hsa-miR-424-5p; hsa-miR-27a-3p; hsa-let-7b-5p; hsa-miR-29a-3p; hsa-let-7g-5p; hsa-miR-181a-5p; hsa-miR-182-5p; hsa-miR-155-5p; hsa-miR-152-3p; hsa-miR-199a-3p; hsa-miR-21-5p; hsa-miR-193b-3p; hsa-miR-22-3p; hsa-miR-26a-5p; hsa-miR-125b-5p; hsa-miR-185-5p; hsa-miR-221-3p; hsa-miR-330-5p; hsa-miR-378a-3p; hsa-miR-223-3p; hsa-miR-146b-5p
KI67_20,KEGG (miRPathDB),NF-kappa B signaling pathway,depleted,0.4669026,17,hsa-miR-23b-3p; hsa-miR-532-5p; hsa-miR-34a-5p; hsa-miR-708-5p; hsa-miR-451a; hsa-miR-135a-5p; hsa-miR-143-3p; hsa-miR-126-3p; hsa-miR-23a-3p; hsa-miR-361-3p; hsa-let-7a-5p; hsa-miR-98-5p; hsa-miR-21-5p; hsa-miR-887-3p; hsa-miR-146a-5p; hsa-miR-223-3p; hsa-miR-146b-5p
KI67_20,KEGG (miRPathDB),PI3K-Akt signaling pathway,depleted,0.4669026,58,hsa-miR-17-5p; hsa-miR-95-3p; hsa-miR-218-5p; hsa-miR-124-3p; hsa-miR-15b-5p; hsa-miR-487b-3p; hsa-miR-195-5p; hsa-miR-107; hsa-miR-139-5p; hsa-miR-7-5p; hsa-miR-145-5p; hsa-miR-30e-3p; hsa-miR-574-3p; hsa-miR-34a-5p; hsa-miR-708-5p; hsa-miR-148a-3p; hsa-miR-196b-5p; hsa-miR-16-5p; hsa-miR-451a; hsa-miR-497-5p; hsa-miR-125b-1-3p; hsa-miR-138-5p; hsa-miR-29b-3p; hsa-miR-135a-5p; hsa-miR-365a-3p; hsa-miR-143-3p; hsa-miR-126-3p; hsa-miR-101-3p; hsa-miR-23a-3p; hsa-miR-30a-3p; hsa-miR-425-5p; hsa-miR-29c-3p; hsa-miR-125a-5p; hsa-miR-144-5p; hsa-miR-15a-5p; hsa-let-7a-5p; hsa-miR-98-5p; hsa-miR-424-5p; hsa-miR-27a-3p; hsa-let-7c-5p; hsa-miR-29a-3p; hsa-let-7g-5p; hsa-miR-181a-5p; hsa-miR-182-5p; hsa-miR-155-5p; hsa-miR-152-3p; hsa-miR-199a-3p; hsa-miR-30a-5p; hsa-miR-21-5p; hsa-miR-22-3p; hsa-miR-26a-5p; hsa-miR-125b-5p; hsa-miR-185-5p; hsa-miR-146a-5p; hsa-miR-221-3p; hsa-miR-378a-3p; hsa-miR-223-3p; hsa-miR-146b-5p
KI67_20,GO Molecular function (miRPathDB),SMAD binding,enriched,0.4048889,30,hsa-miR-17-5p; hsa-miR-20a-5p; hsa-miR-92a-3p; hsa-miR-130a-3p; hsa-miR-218-5p; hsa-miR-15b-5p; hsa-miR-149-5p; hsa-miR-195-5p; hsa-miR-139-5p; hsa-miR-145-5p; hsa-miR-181c-5p; hsa-miR-34a-5p; hsa-miR-92b-3p; hsa-miR-708-5p; hsa-miR-103a-3p; hsa-miR-196b-5p; hsa-miR-106b-5p; hsa-miR-16-5p; hsa-miR-497-5p; hsa-miR-93-5p; hsa-miR-29b-3p; hsa-miR-101-3p; hsa-miR-29c-3p; hsa-miR-204-5p; hsa-miR-15a-5p; hsa-miR-424-5p; hsa-miR-181a-5p; hsa-miR-21-5p; hsa-miR-222-3p; hsa-miR-221-3p
KI67_20,GO Molecular function (miRPathDB),molecular adaptor activity,enriched,0.4048889,7,hsa-miR-92a-3p; hsa-miR-149-5p; hsa-miR-744-5p; hsa-miR-34a-5p; hsa-miR-103a-3p; hsa-miR-324-3p; hsa-miR-126-3p
KI67_20,GO Molecular function (miRPathDB),histone deacetylase regulator activity,enriched,0.4382636,5,hsa-miR-30b-5p; hsa-miR-30d-5p; hsa-miR-30c-5p; hsa-miR-34a-5p; hsa-miR-125a-5p
KI67_20,GO Molecular function (miRPathDB),protein binding bridging,enriched,0.4382636,6,hsa-miR-92a-3p; hsa-miR-149-5p; hsa-miR-34a-5p; hsa-miR-103a-3p; hsa-miR-324-3p; hsa-miR-126-3p
KI67_20,GO Molecular function (miRPathDB),protein serinethreoninetyrosine kinase activity,enriched,0.4382636,14,hsa-miR-17-5p; hsa-miR-196a-5p; hsa-miR-145-5p; hsa-miR-9-3p; hsa-miR-34a-5p; hsa-miR-148a-3p; hsa-miR-196b-5p; hsa-miR-451a; hsa-miR-497-5p; hsa-miR-125b-1-3p; hsa-miR-126-3p; hsa-miR-101-3p; hsa-miR-125a-5p; hsa-miR-125b-5p
KI67_20,GO Molecular function (miRPathDB),unfolded protein binding,enriched,0.4382636,5,hsa-miR-149-5p; hsa-miR-331-3p; hsa-miR-598-3p; hsa-miR-324-3p; hsa-miR-16-5p
KI67_20,GO Molecular function (miRPathDB),C3HC4-type RING finger domain binding,enriched,0.4669026,9,hsa-miR-15b-5p; hsa-miR-149-5p; hsa-miR-195-5p; hsa-miR-34a-5p; hsa-miR-16-5p; hsa-miR-497-5p; hsa-miR-328-3p; hsa-miR-15a-5p; hsa-miR-424-5p
KI67_20,GO Molecular function (miRPathDB),G protein-coupled receptor binding,enriched,0.4669026,5,hsa-miR-148a-3p; hsa-miR-148b-3p; hsa-miR-126-3p; hsa-miR-23a-3p; hsa-miR-335-5p
KI67_20,GO Molecular function (miRPathDB),MAP kinase kinase activity,enriched,0.4669026,12,hsa-miR-17-5p; hsa-miR-376c-3p; hsa-miR-145-5p; hsa-miR-9-3p; hsa-miR-34a-5p; hsa-miR-451a; hsa-miR-497-5p; hsa-miR-125b-1-3p; hsa-miR-126-3p; hsa-miR-101-3p; hsa-miR-125a-5p; hsa-miR-125b-5p
KI67_20,GO Molecular function (miRPathDB),RNA polymerase binding,enriched,0.4669026,8,hsa-miR-19b-3p; hsa-miR-15b-5p; hsa-miR-195-5p; hsa-miR-103a-3p; hsa-miR-126-5p; hsa-miR-484; hsa-let-7a-5p; hsa-miR-219a-2-3p
KI67_20,GO Molecular function (miRPathDB),basal RNA polymerase II transcription machinery binding,enriched,0.4669026,5,hsa-miR-19b-3p; hsa-miR-130b-3p; hsa-miR-149-5p; hsa-let-7a-5p; hsa-miR-219a-2-3p
KI67_20,GO Molecular function (miRPathDB),beta-catenin binding,enriched,0.4669026,19,hsa-miR-92a-3p; hsa-miR-218-5p; hsa-miR-15b-5p; hsa-miR-195-5p; hsa-miR-145-5p; hsa-miR-574-3p; hsa-miR-744-5p; hsa-miR-34a-5p; hsa-miR-9-5p; hsa-miR-497-5p; hsa-miR-138-5p; hsa-miR-29b-3p; hsa-miR-135a-5p; hsa-miR-101-3p; hsa-miR-335-5p; hsa-miR-15a-5p; hsa-miR-29a-3p; hsa-miR-182-5p; hsa-miR-223-3p
KI67_20,KEGG (miRPathDB),Endocytosis,enriched,0.4382636,24,hsa-miR-17-5p; hsa-miR-20a-5p; hsa-miR-130a-3p; hsa-miR-432-5p; hsa-miR-139-5p; hsa-miR-376c-3p; hsa-miR-145-5p; hsa-miR-20b-5p; hsa-miR-181c-5p; hsa-miR-574-3p; hsa-miR-34a-5p; hsa-miR-708-5p; hsa-miR-148a-3p; hsa-miR-106b-5p; hsa-miR-93-5p; hsa-miR-29b-3p; hsa-miR-143-3p; hsa-miR-125a-5p; hsa-miR-152-3p; hsa-miR-199a-3p; hsa-miR-22-3p; hsa-miR-146a-5p; hsa-miR-378a-3p; hsa-miR-146b-5p
KI67_20,KEGG (miRPathDB),Alzheimers disease,enriched,0.4669026,5,hsa-miR-9-3p; hsa-miR-874-3p; hsa-miR-196b-5p; hsa-miR-451a; hsa-miR-29a-3p
KI67_20,KEGG (miRPathDB),MicroRNAs in cancer,enriched,0.4669026,97,hsa-miR-17-5p; hsa-miR-20a-5p; hsa-miR-92a-3p; hsa-miR-196a-5p; hsa-miR-130a-3p; hsa-miR-10b-5p; hsa-miR-132-3p; hsa-miR-95-3p; hsa-miR-218-5p; hsa-miR-124-3p; hsa-miR-15b-5p; hsa-miR-128-3p; hsa-miR-487b-3p; hsa-miR-195-5p; hsa-miR-134-5p; hsa-miR-107; hsa-miR-139-5p; hsa-miR-376c-3p; hsa-miR-7-5p; hsa-miR-194-5p; hsa-miR-145-5p; hsa-miR-3529-3p; hsa-miR-20b-5p; hsa-miR-181c-5p; hsa-miR-369-5p; hsa-miR-30e-3p; hsa-miR-23b-3p; hsa-miR-574-3p; hsa-miR-30c-5p; hsa-miR-744-5p; hsa-miR-9-3p; hsa-miR-34a-5p; hsa-miR-708-5p; hsa-miR-148a-3p; hsa-miR-9-5p; hsa-miR-196b-5p; hsa-miR-106b-5p; hsa-miR-148b-3p; hsa-miR-29c-5p; hsa-miR-16-5p; hsa-miR-451a; hsa-miR-497-5p; hsa-miR-93-5p; hsa-let-7i-5p; hsa-miR-125b-1-3p; hsa-miR-138-5p; hsa-miR-29b-3p; hsa-miR-135a-5p; hsa-let-7e-5p; hsa-miR-191-5p; hsa-miR-365a-3p; hsa-miR-143-3p; hsa-miR-126-3p; hsa-miR-101-3p; hsa-miR-25-3p; hsa-let-7d-5p; hsa-let-7f-5p; hsa-miR-30a-3p; hsa-miR-425-5p; hsa-miR-29c-3p; hsa-miR-125a-5p; hsa-miR-340-5p; hsa-miR-204-5p; hsa-miR-144-5p; hsa-miR-15a-5p; hsa-miR-27b-3p; hsa-let-7a-5p; hsa-miR-98-5p; hsa-miR-181b-5p; hsa-miR-183-5p; hsa-miR-424-5p; hsa-miR-27a-3p; hsa-let-7b-5p; hsa-let-7c-5p; hsa-miR-29a-3p; hsa-let-7g-5p; hsa-miR-181a-5p; hsa-miR-182-5p; hsa-miR-155-5p; hsa-miR-152-3p; hsa-miR-199a-3p; hsa-miR-30a-5p; hsa-miR-24-3p; hsa-miR-21-5p; hsa-miR-193b-3p; hsa-miR-22-3p; hsa-miR-26a-5p; hsa-miR-125b-5p; hsa-miR-222-3p; hsa-miR-185-5p; hsa-miR-146a-5p; hsa-miR-221-3p; hsa-miR-378a-3p; hsa-miR-223-3p; hsa-miR-100-5p; hsa-miR-146b-5p; hsa-miR-219a-5p
KI67_20,KEGG (miRPathDB),VEGF signaling pathway,enriched,0.4669026,21,hsa-miR-10b-5p; hsa-miR-132-3p; hsa-miR-124-3p; hsa-miR-195-5p; hsa-miR-7-5p; hsa-miR-145-5p; hsa-miR-9-3p; hsa-miR-34a-5p; hsa-miR-196b-5p; hsa-miR-451a; hsa-miR-29b-3p; hsa-miR-365a-3p; hsa-miR-143-3p; hsa-miR-126-3p; hsa-miR-101-3p; hsa-miR-29c-3p; hsa-miR-125a-5p; hsa-miR-29a-3p; hsa-miR-181a-5p; hsa-miR-199a-3p; hsa-miR-125b-5p
KI67_20,KEGG (miRPathDB),Fc gamma R-mediated phagocytosis,enriched,0.4673429,17,hsa-miR-132-3p; hsa-miR-15b-5p; hsa-miR-195-5p; hsa-miR-7-5p; hsa-miR-9-3p; hsa-miR-34a-5p; hsa-miR-708-5p; hsa-miR-451a; hsa-miR-497-5p; hsa-miR-29b-3p; hsa-miR-143-3p; hsa-miR-126-3p; hsa-miR-125a-5p; hsa-miR-98-5p; hsa-miR-424-5p; hsa-miR-29a-3p; hsa-miR-125b-5p
KI67_20,KEGG (miRPathDB),Natural killer cell mediated cytotoxicity,enriched,0.4673429,14,hsa-miR-7-5p; hsa-miR-145-5p; hsa-miR-9-3p; hsa-miR-34a-5p; hsa-miR-148a-3p; hsa-miR-148b-3p; hsa-miR-29b-3p; hsa-miR-365a-3p; hsa-miR-143-3p; hsa-miR-126-3p; hsa-miR-30a-3p; hsa-miR-204-5p; hsa-miR-152-3p; hsa-miR-146a-5p
KI67_20,KEGG (miRPathDB),Bacterial invasion of epithelial cells,enriched,0.4694765,10,hsa-miR-124-3p; hsa-miR-7-5p; hsa-miR-574-3p; hsa-miR-9-3p; hsa-miR-34a-5p; hsa-miR-29b-3p; hsa-miR-126-3p; hsa-miR-101-3p; hsa-miR-155-5p; hsa-miR-221-3p
KI67_20,KEGG (miRPathDB),Chemokine signaling pathway,enriched,0.4702024,27,hsa-miR-124-3p; hsa-miR-195-5p; hsa-miR-139-5p; hsa-miR-127-3p; hsa-miR-7-5p; hsa-miR-23b-3p; hsa-miR-9-3p; hsa-miR-708-5p; hsa-miR-148a-3p; hsa-miR-148b-3p; hsa-miR-451a; hsa-miR-497-5p; hsa-miR-138-5p; hsa-miR-29b-3p; hsa-miR-135a-5p; hsa-miR-365a-3p; hsa-miR-143-3p; hsa-miR-126-3p; hsa-miR-23a-3p; hsa-miR-125a-5p; hsa-let-7a-5p; hsa-miR-27a-3p; hsa-miR-29a-3p; hsa-miR-181a-5p; hsa-miR-155-5p; hsa-miR-146a-5p; hsa-miR-223-3p
KI67_20,KEGG (miRPathDB),Protein processing in endoplasmic reticulum,enriched,0.4702024,15,hsa-miR-15b-5p; hsa-miR-195-5p; hsa-miR-127-3p; hsa-miR-7-5p; hsa-miR-30c-5p; hsa-miR-34a-5p; hsa-miR-196b-5p; hsa-miR-16-5p; hsa-miR-497-5p; hsa-miR-125b-1-3p; hsa-miR-6765-3p; hsa-miR-15a-5p; hsa-miR-424-5p; hsa-miR-30a-5p; hsa-miR-125b-5p
KI67_20,KEGG (miRPathDB),Thyroid cancer,enriched,0.4702024,26,hsa-miR-20a-5p; hsa-miR-92a-3p; hsa-miR-130a-3p; hsa-miR-218-5p; hsa-miR-487b-3p; hsa-miR-145-5p; hsa-miR-30e-3p; hsa-miR-9-3p; hsa-miR-34a-5p; hsa-miR-708-5p; hsa-miR-196b-5p; hsa-miR-451a; hsa-miR-138-5p; hsa-miR-28-5p; hsa-miR-365a-3p; hsa-miR-143-3p; hsa-miR-30a-3p; hsa-miR-28-3p; hsa-let-7a-5p; hsa-miR-27a-3p; hsa-let-7b-5p; hsa-miR-29a-3p; hsa-miR-151a-5p; hsa-miR-181a-5p; hsa-miR-193b-3p; hsa-miR-146b-5p
KI67_20,KEGG (miRPathDB),Notch signaling pathway,enriched,0.4775144,5,hsa-miR-23b-3p; hsa-miR-9-3p; hsa-miR-34a-5p; hsa-let-7c-5p; hsa-miR-146a-5p
KI67_20,KEGG (miRPathDB),Pathways in cancer,enriched,0.4775144,77,hsa-miR-17-5p; hsa-miR-20a-5p; hsa-miR-92a-3p; hsa-miR-130a-3p; hsa-miR-10b-5p; hsa-miR-132-3p; hsa-miR-95-3p; hsa-miR-218-5p; hsa-miR-124-3p; hsa-miR-15b-5p; hsa-miR-128-3p; hsa-miR-487b-3p; hsa-miR-195-5p; hsa-miR-107; hsa-miR-139-5p; hsa-miR-376c-3p; hsa-miR-7-5p; hsa-miR-194-5p; hsa-miR-145-5p; hsa-miR-20b-5p; hsa-miR-30e-3p; hsa-miR-23b-3p; hsa-miR-574-3p; hsa-miR-9-3p; hsa-miR-34a-5p; hsa-miR-708-5p; hsa-miR-148a-3p; hsa-miR-9-5p; hsa-miR-196b-5p; hsa-miR-106b-5p; hsa-miR-148b-3p; hsa-miR-16-5p; hsa-miR-451a; hsa-miR-497-5p; hsa-miR-93-5p; hsa-miR-138-5p; hsa-miR-29b-3p; hsa-miR-135a-5p; hsa-miR-365a-3p; hsa-miR-143-3p; hsa-miR-126-3p; hsa-miR-101-3p; hsa-miR-23a-3p; hsa-miR-30a-3p; hsa-miR-425-5p; hsa-miR-29c-3p; hsa-miR-125a-5p; hsa-miR-28-3p; hsa-miR-204-5p; hsa-miR-144-5p; hsa-miR-15a-5p; hsa-let-7a-5p; hsa-miR-98-5p; hsa-miR-486-5p; hsa-miR-424-5p; hsa-miR-27a-3p; hsa-let-7c-5p; hsa-miR-29a-3p; hsa-let-7g-5p; hsa-miR-181a-5p; hsa-miR-374b-5p; hsa-miR-182-5p; hsa-miR-155-5p; hsa-miR-152-3p; hsa-miR-199a-3p; hsa-miR-21-5p; hsa-miR-193b-3p; hsa-miR-22-3p; hsa-miR-26a-5p; hsa-miR-125b-5p; hsa-miR-185-5p; hsa-miR-146a-5p; hsa-miR-221-3p; hsa-miR-378a-3p; hsa-miR-223-3p; hsa-miR-146b-5p; hsa-miR-193a-5p
